PRAGMA foreign_keys=OFF;
BEGIN TRANSACTION;
CREATE TABLE "schema_migrations" ("version" varchar NOT NULL);
INSERT INTO "schema_migrations" VALUES('20150224174454');
INSERT INTO "schema_migrations" VALUES('20150225075747');
INSERT INTO "schema_migrations" VALUES('20150312073140');
INSERT INTO "schema_migrations" VALUES('20150313183544');
INSERT INTO "schema_migrations" VALUES('20150318102957');
INSERT INTO "schema_migrations" VALUES('20150318105343');
INSERT INTO "schema_migrations" VALUES('20150318111153');
INSERT INTO "schema_migrations" VALUES('20150324071015');
INSERT INTO "schema_migrations" VALUES('20150324073022');
INSERT INTO "schema_migrations" VALUES('20150324073520');
INSERT INTO "schema_migrations" VALUES('20150324074959');
INSERT INTO "schema_migrations" VALUES('20150324075303');
INSERT INTO "schema_migrations" VALUES('20150326072850');
INSERT INTO "schema_migrations" VALUES('20150327070349');
INSERT INTO "schema_migrations" VALUES('20150403071303');
INSERT INTO "schema_migrations" VALUES('20150404084626');
INSERT INTO "schema_migrations" VALUES('20150404162719');
INSERT INTO "schema_migrations" VALUES('20150405083521');
INSERT INTO "schema_migrations" VALUES('20150406064135');
INSERT INTO "schema_migrations" VALUES('20150408153534');
INSERT INTO "schema_migrations" VALUES('20150410062723');
INSERT INTO "schema_migrations" VALUES('20150411163722');
INSERT INTO "schema_migrations" VALUES('20150412162929');
INSERT INTO "schema_migrations" VALUES('20150414082256');
INSERT INTO "schema_migrations" VALUES('20150419185643');
INSERT INTO "schema_migrations" VALUES('20150423103852');
INSERT INTO "schema_migrations" VALUES('20150423162341');
INSERT INTO "schema_migrations" VALUES('20150428082435');
INSERT INTO "schema_migrations" VALUES('20150428082452');
INSERT INTO "schema_migrations" VALUES('20150517205715');
INSERT INTO "schema_migrations" VALUES('20150517205725');
INSERT INTO "schema_migrations" VALUES('20150521105829');
INSERT INTO "schema_migrations" VALUES('20150521114930');
INSERT INTO "schema_migrations" VALUES('20150605081114');
INSERT INTO "schema_migrations" VALUES('20150605091510');
INSERT INTO "schema_migrations" VALUES('20150606063646');
INSERT INTO "schema_migrations" VALUES('20150606064546');
INSERT INTO "schema_migrations" VALUES('20150606070655');
INSERT INTO "schema_migrations" VALUES('20150611140446');
INSERT INTO "schema_migrations" VALUES('20150611172907');
INSERT INTO "schema_migrations" VALUES('20150618045019');
INSERT INTO "schema_migrations" VALUES('20150620084115');
INSERT INTO "schema_migrations" VALUES('20150621125502');
INSERT INTO "schema_migrations" VALUES('20150621140633');
INSERT INTO "schema_migrations" VALUES('20150621140649');
INSERT INTO "schema_migrations" VALUES('20150621155045');
INSERT INTO "schema_migrations" VALUES('20150621155558');
INSERT INTO "schema_migrations" VALUES('20150621193255');
INSERT INTO "schema_migrations" VALUES('20150622023209');
INSERT INTO "schema_migrations" VALUES('20150622025020');
INSERT INTO "schema_migrations" VALUES('20150622025747');
INSERT INTO "schema_migrations" VALUES('20150622095332');
INSERT INTO "schema_migrations" VALUES('20150716095333');
INSERT INTO "schema_migrations" VALUES('20150716102349');
INSERT INTO "schema_migrations" VALUES('20150717091145');
INSERT INTO "schema_migrations" VALUES('20150717091218');
INSERT INTO "schema_migrations" VALUES('20150717104417');
INSERT INTO "schema_migrations" VALUES('20150717113246');
INSERT INTO "schema_migrations" VALUES('20150717121542');
INSERT INTO "schema_migrations" VALUES('20150717163351');
INSERT INTO "schema_migrations" VALUES('20150717163648');
INSERT INTO "schema_migrations" VALUES('20150718103842');
INSERT INTO "schema_migrations" VALUES('20150718123957');
INSERT INTO "schema_migrations" VALUES('20150718161305');
CREATE TABLE "users" ("id" INTEGER PRIMARY KEY AUTOINCREMENT NOT NULL, "email" varchar DEFAULT '' NOT NULL, "encrypted_password" varchar DEFAULT '' NOT NULL, "reset_password_token" varchar, "reset_password_sent_at" datetime, "remember_created_at" datetime, "sign_in_count" integer DEFAULT 0 NOT NULL, "current_sign_in_at" datetime, "last_sign_in_at" datetime, "current_sign_in_ip" varchar, "last_sign_in_ip" varchar, "created_at" datetime, "updated_at" datetime, "username" varchar);
INSERT INTO "users" VALUES(1,'vigasdeep@gmail.com','$2a$10$6TnLGV1tGd9rrHmVcTrckesXI2xQvEagmeg5TMEpR/ZYbvX9Oocv.',NULL,NULL,NULL,44,'2015-07-15 10:25:44.389519','2015-07-13 13:08:20.249664','124.253.207.209','124.253.131.248','2015-03-31 12:36:29.518766','2015-07-15 10:25:44.390210','vigas');
INSERT INTO "users" VALUES(2,'mandeep@csiom.com','$2a$10$WkgPAdkYGQV9YkEYvLDnLuCnOI0mWoNb4eMHvG9Z8fXt1ArLCgDZy',NULL,NULL,NULL,1,'2015-04-18 18:09:15.038194','2015-04-18 18:09:15.038194','59.89.156.80','59.89.156.80','2015-04-18 18:09:15.035112','2015-04-18 18:09:15.038668','mandy');
INSERT INTO "users" VALUES(3,'vigadeep@gmail.com','$2a$10$vH0.AnUCRRifngq.3THcSufYV.MLIo.xy1969WHO6xg3DAUl9dCiq',NULL,NULL,NULL,2,'2015-04-20 07:46:47.290876','2015-04-18 18:10:00.815074','124.253.168.3','117.247.42.16','2015-04-18 18:10:00.812608','2015-04-20 07:46:47.291748','vigasdeep');
INSERT INTO "users" VALUES(4,'k@csiom.com','$2a$10$yfesA5O9tSEDuyBwQoJLNOApotb2EoLjQwzevUDgWDfOJc0MAVrxK',NULL,NULL,NULL,1,'2015-06-24 12:34:52.138373','2015-06-24 12:34:52.138373','124.253.110.38','124.253.110.38','2015-06-24 12:34:52.135115','2015-06-24 12:34:52.138785','kamal');
INSERT INTO "users" VALUES(5,'nishu@csiom.com','$2a$10$zq0v0fHFXUpYO9uCSMZ3NuEyOseYfC8KjGsIy3uSAlHfUflREDbs.',NULL,NULL,NULL,3,'2015-07-17 15:55:04.541371','2015-07-17 08:59:00.886261','124.253.236.52','124.253.150.164','2015-07-16 09:05:03.896576','2015-07-17 15:55:04.542120','nishu');
CREATE TABLE "mercury_images" ("id" INTEGER PRIMARY KEY AUTOINCREMENT NOT NULL, "image_file_name" varchar, "image_content_type" varchar, "image_file_size" integer, "image_updated_at" datetime, "created_at" datetime, "updated_at" datetime);
CREATE TABLE "quotation_details" ("id" INTEGER PRIMARY KEY AUTOINCREMENT NOT NULL, "companyName" varchar DEFAULT 'Amrit Engineering', "serviceTax" varchar DEFAULT 'Service Tax No. : APRPK1196BSD001', "companyTagLine" varchar DEFAULT 'Providing Generator on Rent Basis & Allied Services ', "headerMobileNumber" varchar DEFAULT '87270 - 09500 <br /> 0161 - 2493500 <br /> 80540 - 70500', "companyAddressOne" varchar DEFAULT '# 1380, St. No. 31, Janta Nagar, Bhagwan Chowk', "companyAddressTwo" varchar DEFAULT 'Near Public Health Center, Ludhiana-141003', "referenceNumber" varchar, "subject" text DEFAULT 'Subject: Providing Automation Silent Generator on Monthly Rent Basis', "regard" varchar DEFAULT 'Madam / sir', "regardContent" text DEFAULT 'We are involved in the business of providing automatic generator sets on monthly rental basis to Government as well as private sector banks. We have proper infrastructure and well trained staff to offer quality services to customers. At present, we are proudly serving several esteemed brands of banking sector such as:', "bankNameOne" varchar DEFAULT 'Allahabad Bank:', "bankNameTwo" varchar DEFAULT 'Gill, Pakhowal & Gujjarwal', "bankNameThree" varchar DEFAULT 'Dugri, Tagore Nagar, Focal Point, Ferozepur Road, Bahadur Ke Road', "bankNameFour" varchar DEFAULT 'Kalsi Nagar ', "bankNameFive" varchar DEFAULT 'Mandi Gobindgarh, Mullanpur Dakha, Khanna ', "bankZoneOne" text DEFAULT 'Mandi Ahmedgarh, Malerkotla, Patiala, Shiv Puri, Raj Guru Nagar, Pakhowal Road, Bagha Purana, Bathinda, Dugri Road, Focal Point, Haiobwal, IFB Cheema Chowk ', "bankZoneTwo" text DEFAULT 'Jalandher, Balachure, Rattewal, Batala, Nakodhar, Shanker, Patti, Dasuya, Shahkot, Raiya & Zonal Office Amritsar ', "quotationLine" text DEFAULT 'Through this business proposal, we are offering following generator sets at their corresponding monthly rent for your branch:', "quotationRateList" text DEFAULT '<li>Rs-7250.00 for 5.0 Kva</li><li>Rs-9500.00 for 7.5 Kva</li><li>Rs-11000.00 for 10.0 Kva</li><li>Rs-12500.00 for 12.5 Kva</li><li>Rs-13000.00 for 15 Kva</li><li>Rs-13500.00 for 20 Kva</li><li>Rs-17000.00 for 25.00 Kva</li><li>Rs-19500.00 for 31.05 Kva</li><li>Rs-21500.00 for 35.00 Kva</li><li>Rs-27000.00 for 40 Kva</li><li>Rs-29500.00 for 50 Kva</li><li>Rs-39500.00 for 62.5 Kva</li><li>Rs-43500.00 for 75.0 Kva</li>', "contentPartOne" text DEFAULT ' Above mentioned rates are valid for all seasons.<br/><br/>
                                            <div class=''closing-part''>                                                                     
                                              We install only branded generator sets that are soundproof and automatic. Kindly let us know in case you have demand for higher capacity generator    set. We will fulfil your all requirements.<br/><br/></div>                          
                                              <div class=''terms-conditions-heading''>Terms and Conditions</div>
                                              <ul class=''terms-conditions''>                                                                  
                                                <li>Rent will be increased 10% after every two years.</li>            
                                                <li>Rent will cover diesel, repair and maintenances costs.</li>       
                                                <li>Space for installation of generator set will be provided by customer. </li>
                                              </ul>', "contentPartTwo" text DEFAULT 'We hope you will consider our application and give us an opportunity to serve your bank.', "thankYou" varchar DEFAULT 'Thanking You', "yoursTruly" varchar DEFAULT 'Yours Truly', "nameOfCompany" varchar DEFAULT 'For Amrit Engineers', "emailIdOne" varchar DEFAULT 'ishnoorsingh@in.com', "emailIdTwo" varchar DEFAULT 'jasvirsinghsond@gmail.com', "emailIdThree" varchar DEFAULT 'amritengineers80@gmail.com', "emailIdFour" varchar DEFAULT 'amritengineers@yahoo.in', "contactNumberOne" varchar DEFAULT '+91 98140-09500', "contactNumberTwo" varchar DEFAULT '+91 87270-09500', "contactNumberThree" varchar DEFAULT '0161-2439500', "date" varchar DEFAULT 'Dated : 09/06/2015' NOT NULL, "client_details_id" integer, "sender_details_id" integer, "created_at" datetime NOT NULL, "updated_at" datetime NOT NULL, "mailStatus" boolean DEFAULT 'f', "dateOfMail" varchar, "account_id" integer);
INSERT INTO "quotation_details" VALUES(1,'Amrit Engineering','Service Tax No. : APRPK1196BSD001','Providing Generator on Rent Basis & Allied Services ','87270 - 09500 <br /> 0161 - 2493500 <br /> 80540 - 70500','# 1380, St. No. 31, Janta Nagar, Bhagwan Chowk','Near Public Health Center, Ludhiana-141003',NULL,'Subject: Providing Automation Silent Generator on Monthly Rent Basis','With Regards,,','On the captioned subject we are pleased to introduce ourselves as service provider in the field of Generator on monthly rent basis. It is for your kind consideration that we are providing the generator sets on monthly rent basis to the banks and other Govt. offices. We have proper infrastructure and staff to serve best to our customers. At present we proudly declare that we are serving many branches of :','Allahabad Bank:','Oriental Bank of Commerce :','Bank of Baroda :','The Federal Bank Limited :','Central Bank of India :','Ludhiana Zone :','Amritsar Zone :','Through this letter, we are offering our services to bank. Our monthly rent is quoted as:','<li>Rs-7250.00 for 5.0 Kva</li><li>Rs-9500.00 for 7.5 Kva</li><li>Rs-11000.00 for 10.0 Kva</li><li>Rs-12500.00 for 12.5 Kva</li><li>Rs-13000.00 for 15 Kva</li><li>Rs-13500.00 for 20 Kva</li><li>Rs-17000.00 for 25.00 Kva</li><li>Rs-19500.00 for 31.05 Kva</li><li>Rs-21500.00 for 35.00 Kva</li><li>Rs-27000.00 for 40 Kva</li><li>Rs-29500.00 for 50 Kva</li><li>Rs-39500.00 for 62.5 Kva</li><li>Rs-43500.00 for 75.0 Kva</li>','We shall increase 10% after two years. The rent will include repairs &amp; maintenances and the cost of diesel. Space will be provided by you. Our generator sets will be soundproof &amp; automatic. We shall install only the branded generator sets. If you want higher capacity generator then we may fulfill your demand. Above rates are for all seasons.','We hope you will consider our application and give an opportunity to serve your bank. We ensure you of our best service.','Thanking You','Yours Truly','For Amrit Engineers','ishnoorsingh@in.com','jasvirsinghsond@gmail.com','amritengineers80@gmail.com','amritengineers@yahoo.in','+91 98140-09500','+91 87270-09500','0161-2439500','Date : 09/06/2015',1,1,'2015-03-31 12:42:08.616036','2015-03-31 12:43:35.314370','f',NULL,NULL);
INSERT INTO "quotation_details" VALUES(2,'Amrit Engineering','Service Tax No. : APRPK1196BSD001','Providing Generator on Rent Basis & Allied Services ','87270 - 09500 <br /> 0161 - 2493500 <br /> 80540 - 70500','# 1380, St. No. 31, Janta Nagar, Bhagwan Chowk','Near Public Health Center, Ludhiana-141003','AE15001','Subject: Providing Automation Silent Generator on Monthly Rent Basis','With Regards','On the captioned subject we are pleased to introduce ourselves as service provider in the field of Generator on monthly rent basis. It is for your kind consideration that we are providing the generator sets on monthly rent basis to the banks and other Govt. offices. We have proper infrastructure and staff to serve best to our customers. At present we proudly declare that we are serving many branches of :','Allahabad Bank:','Gill, Pakhowal & Gujjarwal','Dugri, Tagore Nagar, Focal Point, Ferozepur Road, Bahadur Ke Road','Kalsi Nagar ','Mandi Gobindgarh, Mullanpur Dakha, Khanna ','Mandi Ahmedgarh, Malerkotla, Patiala, Shiv Puri, Raj Guru Nagar, Pakhowal Road, Bagha Purana, Bathinda, Dugri Road, Focal Point, Haiobwal, IFB Cheema Chowk ','Jalandher, Balachure, Rattewal, Batala, Nakodhar, Shanker, Patti, Dasuya, Shahkot, Raiya & Zonal Office Amritsar ','Through this letter, we are offering our services to bank. Our monthly rent is quoted as:','<li>Rs-7250.00 for 5.0 Kva</li><li>Rs-9500.00 for 7.5 Kva</li><li>Rs-11000.00 for 10.0 Kva</li><li>Rs-12500.00 for 12.5 Kva</li><li>Rs-13000.00 for 15 Kva</li><li>Rs-13500.00 for 20 Kva</li><li>Rs-17000.00 for 25.00 Kva</li><li>Rs-19500.00 for 31.05 Kva</li><li>Rs-21500.00 for 35.00 Kva</li><li>Rs-27000.00 for 40 Kva</li><li>Rs-29500.00 for 50 Kva</li><li>Rs-39500.00 for 62.5 Kva</li><li>Rs-43500.00 for 75.0 Kva</li>','We shall increase 10% after two years. The rent will include repairs & maintenances and the cost of diesel. Space will be provided by you. Our generator sets will be soundproof & automatic. We shall install only the branded generator sets. If you want higher capacity generator then we may fulfill your demand. Above rates are for all seasons.','We hope you will consider our application and give an opportunity to serve your bank. We ensure you of our best service.','Thanking You','Yours Truly','For Amrit Engineers','ishnoorsingh@in.com','jasvirsinghsond@gmail.com','amritengineers80@gmail.com','amritengineers@yahoo.in','+91 98140-09500','+91 87270-09500','0161-2439500','Dated : 09/06/2015',2,2,'2015-04-20 07:48:57.998898','2015-05-17 21:15:44.128948','t','2015-05-18',NULL);
INSERT INTO "quotation_details" VALUES(3,'Amrit Engineering','Service Tax No. : APRPK1196BSD001','Providing Generator on Rent Basis & Allied Services ','87270 - 09500 <br /> 0161 - 2493500 <br /> 80540 - 70500','# 1380, St. No. 31, Janta Nagar, Bhagwan Chowk','Near Public Health Center, Ludhiana-141003','AE15002','Subject: Providing Automation Silent Generator on Monthly Rent Basis','With Regards','On the captioned subject we are pleased to introduce ourselves as service provider in the field of Generator on monthly rent basis. It is for your kind consideration that we are providing the generator sets on monthly rent basis to the banks and other Govt. offices. We have proper infrastructure and staff to serve best to our customers. At present we proudly declare that we are serving many branches of :','Allahabad Bank:','Gill, Pakhowal & Gujjarwal','Dugri, Tagore Nagar, Focal Point, Ferozepur Road, Bahadur Ke Road','Kalsi Nagar ','Mandi Gobindgarh, Mullanpur Dakha, Khanna ','Mandi Ahmedgarh, Malerkotla, Patiala, Shiv Puri, Raj Guru Nagar, Pakhowal Road, Bagha Purana, Bathinda, Dugri Road, Focal Point, Haiobwal, IFB Cheema Chowk ','Jalandher, Balachure, Rattewal, Batala, Nakodhar, Shanker, Patti, Dasuya, Shahkot, Raiya & Zonal Office Amritsar ','Through this letter, we are offering our services to bank. Our monthly rent is quoted as:','<li>Rs-7250.00 for 5.0 Kva</li><li>Rs-9500.00 for 7.5 Kva</li><li>Rs-11000.00 for 10.0 Kva</li><li>Rs-12500.00 for 12.5 Kva</li><li>Rs-13000.00 for 15 Kva</li><li>Rs-13500.00 for 20 Kva</li><li>Rs-17000.00 for 25.00 Kva</li><li>Rs-19500.00 for 31.05 Kva</li><li>Rs-21500.00 for 35.00 Kva</li><li>Rs-27000.00 for 40 Kva</li><li>Rs-29500.00 for 50 Kva</li><li>Rs-39500.00 for 62.5 Kva</li><li>Rs-43500.00 for 75.0 Kva</li>','We shall increase 10% after two years. The rent will include repairs & maintenances and the cost of diesel. Space will be provided by you. Our generator sets will be soundproof & automatic. We shall install only the branded generator sets. If you want higher capacity generator then we may fulfill your demand. Above rates are for all seasons.','We hope you will consider our application and give an opportunity to serve your bank. We ensure you of our best service.','Thanking You','Yours Truly','For Amrit Engineers','ishnoorsingh@in.com','jasvirsinghsond@gmail.com','amritengineers80@gmail.com','amritengineers@yahoo.in','+91 98140-09500','+91 87270-09500','0161-2439500','Dated : 09/06/2015',3,2,'2015-05-15 08:40:22.638638','2015-05-15 09:58:25.238879','t','2015-05-15',NULL);
INSERT INTO "quotation_details" VALUES(4,'Amrit Engineering','Service Tax No. : APRPK1196BSD001','Providing Generator on Rent Basis & Allied Services ','87270 - 09500 <br /> 0161 - 2493500 <br /> 80540 - 70500','# 1380, St. No. 31, Janta Nagar, Bhagwan Chowk','Near Public Health Center, Ludhiana-141003','AE15003','Subject: Providing Automation Silent Generator on Monthly Rent Basis','With Regards','On the captioned subject we are pleased to introduce ourselves as service provider in the field of Generator on monthly rent basis. It is for your kind consideration that we are providing the generator sets on monthly rent basis to the banks and other Govt. offices. We have proper infrastructure and staff to serve best to our customers. At present we proudly declare that we are serving many branches of :','Allahabad Bank:','Gill, Pakhowal & Gujjarwal','Dugri, Tagore Nagar, Focal Point, Ferozepur Road, Bahadur Ke Road','Kalsi Nagar ','Mandi Gobindgarh, Mullanpur Dakha, Khanna ','Mandi Ahmedgarh, Malerkotla, Patiala, Shiv Puri, Raj Guru Nagar, Pakhowal Road, Bagha Purana, Bathinda, Dugri Road, Focal Point, Haiobwal, IFB Cheema Chowk ','Jalandher, Balachure, Rattewal, Batala, Nakodhar, Shanker, Patti, Dasuya, Shahkot, Raiya & Zonal Office Amritsar ','Through this letter, we are offering our services to bank. Our monthly rent is quoted as:','<li>Rs-7250.00 for 5.0 Kva</li><li>Rs-9500.00 for 7.5 Kva</li><li>Rs-11000.00 for 10.0 Kva</li><li>Rs-12500.00 for 12.5 Kva</li><li>Rs-13000.00 for 15 Kva</li><li>Rs-13500.00 for 20 Kva</li><li>Rs-17000.00 for 25.00 Kva</li><li>Rs-19500.00 for 31.05 Kva</li><li>Rs-21500.00 for 35.00 Kva</li><li>Rs-27000.00 for 40 Kva</li><li>Rs-29500.00 for 50 Kva</li><li>Rs-39500.00 for 62.5 Kva</li><li>Rs-43500.00 for 75.0 Kva</li>','We shall increase 10% after two years. The rent will include repairs & maintenances and the cost of diesel. Space will be provided by you. Our generator sets will be soundproof & automatic. We shall install only the branded generator sets. If you want higher capacity generator then we may fulfill your demand. Above rates are for all seasons.','We hope you will consider our application and give an opportunity to serve your bank. We ensure you of our best service.','Thanking You','Yours Truly','For Amrit Engineers','ishnoorsingh@in.com','jasvirsinghsond@gmail.com','amritengineers80@gmail.com','amritengineers@yahoo.in','+91 98140-09500','+91 87270-09500','0161-2439500','Dated : 09/06/2015',6,2,'2015-05-18 12:38:55.536071','2015-05-18 12:38:55.536071','f',NULL,NULL);
INSERT INTO "quotation_details" VALUES(5,'Amrit Engineering','Service Tax No. : APRPK1196BSD001','Providing Generator on Rent Basis & Allied Services ','87270 - 09500 <br /> 0161 - 2493500 <br /> 80540 - 70500','# 1380, St. No. 31, Janta Nagar, Bhagwan Chowk','Near Public Health Center, Ludhiana-141003','AE15004','Subject: Providing Automation Silent Generator on Monthly Rent Basis','With Regards','On the captioned subject we are pleased to introduce ourselves as service provider in the field of Generator on monthly rent basis. It is for your kind consideration that we are providing the generator sets on monthly rent basis to the banks and other Govt. offices. We have proper infrastructure and staff to serve best to our customers. At present we proudly declare that we are serving many branches of :','Allahabad Bank:','Gill, Pakhowal & Gujjarwal','Dugri, Tagore Nagar, Focal Point, Ferozepur Road, Bahadur Ke Road','Kalsi Nagar ','Mandi Gobindgarh, Mullanpur Dakha, Khanna ','Mandi Ahmedgarh, Malerkotla, Patiala, Shiv Puri, Raj Guru Nagar, Pakhowal Road, Bagha Purana, Bathinda, Dugri Road, Focal Point, Haiobwal, IFB Cheema Chowk ','Jalandher, Balachure, Rattewal, Batala, Nakodhar, Shanker, Patti, Dasuya, Shahkot, Raiya & Zonal Office Amritsar ','Through this letter, we are offering our services to bank. Our monthly rent is quoted as:','<li>Rs-7250.00 for 5.0 Kva</li><li>Rs-9500.00 for 7.5 Kva</li><li>Rs-11000.00 for 10.0 Kva</li><li>Rs-12500.00 for 12.5 Kva</li><li>Rs-13000.00 for 15 Kva</li><li>Rs-13500.00 for 20 Kva</li><li>Rs-17000.00 for 25.00 Kva</li><li>Rs-19500.00 for 31.05 Kva</li><li>Rs-21500.00 for 35.00 Kva</li><li>Rs-27000.00 for 40 Kva</li><li>Rs-29500.00 for 50 Kva</li><li>Rs-39500.00 for 62.5 Kva</li><li>Rs-43500.00 for 75.0 Kva</li>','We shall increase 10% after two years. The rent will include repairs & maintenances and the cost of diesel. Space will be provided by you. Our generator sets will be soundproof & automatic. We shall install only the branded generator sets. If you want higher capacity generator then we may fulfill your demand. Above rates are for all seasons.','We hope you will consider our application and give an opportunity to serve your bank. We ensure you of our best service.','Thanking You','Yours Truly','For Amrit Engineers','ishnoorsingh@in.com','jasvirsinghsond@gmail.com','amritengineers80@gmail.com','amritengineers@yahoo.in','+91 98140-09500','+91 87270-09500','0161-2439500','Dated : 09/06/2015',7,2,'2015-05-18 12:53:56.474542','2015-05-18 12:53:56.474542','f',NULL,NULL);
INSERT INTO "quotation_details" VALUES(6,'Amrit Engineering','Service Tax No. : APRPK1196BSD001','Providing Generator on Rent Basis & Allied Services ','87270 - 09500 <br /> 0161 - 2493500 <br /> 80540 - 70500','# 1380, St. No. 31, Janta Nagar, Bhagwan Chowk','Near Public Health Center, Ludhiana-141003','AE15005','Subject: Providing Automation Silent Generator on Monthly Rent Basis','With Regards','On the captioned subject we are pleased to introduce ourselves as service provider in the field of Generator on monthly rent basis. It is for your kind consideration that we are providing the generator sets on monthly rent basis to the banks and other Govt. offices. We have proper infrastructure and staff to serve best to our customers. At present we proudly declare that we are serving many branches of :','Allahabad Bank:','Gill, Pakhowal & Gujjarwal','Dugri, Tagore Nagar, Focal Point, Ferozepur Road, Bahadur Ke Road','Kalsi Nagar ','Mandi Gobindgarh, Mullanpur Dakha, Khanna ','Mandi Ahmedgarh, Malerkotla, Patiala, Shiv Puri, Raj Guru Nagar, Pakhowal Road, Bagha Purana, Bathinda, Dugri Road, Focal Point, Haiobwal, IFB Cheema Chowk ','Jalandher, Balachure, Rattewal, Batala, Nakodhar, Shanker, Patti, Dasuya, Shahkot, Raiya & Zonal Office Amritsar ','Through this letter, we are offering our services to bank. Our monthly rent is quoted as:','<li>Rs-7250.00 for 5.0 Kva</li><li>Rs-9500.00 for 7.5 Kva</li><li>Rs-11000.00 for 10.0 Kva</li><li>Rs-12500.00 for 12.5 Kva</li><li>Rs-13000.00 for 15 Kva</li><li>Rs-13500.00 for 20 Kva</li><li>Rs-17000.00 for 25.00 Kva</li><li>Rs-19500.00 for 31.05 Kva</li><li>Rs-21500.00 for 35.00 Kva</li><li>Rs-27000.00 for 40 Kva</li><li>Rs-29500.00 for 50 Kva</li><li>Rs-39500.00 for 62.5 Kva</li><li>Rs-43500.00 for 75.0 Kva</li>','We shall increase 10% after two years. The rent will include repairs & maintenances and the cost of diesel. Space will be provided by you. Our generator sets will be soundproof & automatic. We shall install only the branded generator sets. If you want higher capacity generator then we may fulfill your demand. Above rates are for all seasons.','We hope you will consider our application and give an opportunity to serve your bank. We ensure you of our best service.','Thanking You','Yours Truly','For Amrit Engineers','ishnoorsingh@in.com','jasvirsinghsond@gmail.com','amritengineers80@gmail.com','amritengineers@yahoo.in','+91 98140-09500','+91 87270-09500','0161-2439500','Dated : 09/06/2015',8,2,'2015-05-19 07:32:10.473513','2015-05-19 07:32:10.473513','f',NULL,NULL);
INSERT INTO "quotation_details" VALUES(7,'Amrit Engineering','Service Tax No. : APRPK1196BSD001','Providing Generator on Rent Basis & Allied Services ','87270 - 09500 <br /> 0161 - 2493500 <br /> 80540 - 70500','# 1380, St. No. 31, Janta Nagar, Bhagwan Chowk','Near Public Health Center, Ludhiana-141003','AE15006','Subject: Providing Automation Silent Generator on Monthly Rent Basis','With Regards','On the captioned subject we are pleased to introduce ourselves as service provider in the field of Generator on monthly rent basis. It is for your kind consideration that we are providing the generator sets on monthly rent basis to the banks and other Govt. offices. We have proper infrastructure and staff to serve best to our customers. At present we proudly declare that we are serving many branches of :','Allahabad Bank:','Gill, Pakhowal & Gujjarwal','Dugri, Tagore Nagar, Focal Point, Ferozepur Road, Bahadur Ke Road','Kalsi Nagar ','Mandi Gobindgarh, Mullanpur Dakha, Khanna ','Mandi Ahmedgarh, Malerkotla, Patiala, Shiv Puri, Raj Guru Nagar, Pakhowal Road, Bagha Purana, Bathinda, Dugri Road, Focal Point, Haiobwal, IFB Cheema Chowk ','Jalandher, Balachure, Rattewal, Batala, Nakodhar, Shanker, Patti, Dasuya, Shahkot, Raiya & Zonal Office Amritsar ','Through this letter, we are offering our services to bank. Our monthly rent is quoted as:','<li>Rs-7250.00 for 5.0 Kva</li><li>Rs-9500.00 for 7.5 Kva</li><li>Rs-11000.00 for 10.0 Kva</li><li>Rs-12500.00 for 12.5 Kva</li><li>Rs-13000.00 for 15 Kva</li><li>Rs-13500.00 for 20 Kva</li><li>Rs-17000.00 for 25.00 Kva</li><li>Rs-19500.00 for 31.05 Kva</li><li>Rs-21500.00 for 35.00 Kva</li><li>Rs-27000.00 for 40 Kva</li><li>Rs-29500.00 for 50 Kva</li><li>Rs-39500.00 for 62.5 Kva</li><li>Rs-43500.00 for 75.0 Kva</li>','We shall increase 10% after two years. The rent will include repairs & maintenances and the cost of diesel. Space will be provided by you. Our generator sets will be soundproof & automatic. We shall install only the branded generator sets. If you want higher capacity generator then we may fulfill your demand. Above rates are for all seasons.','We hope you will consider our application and give an opportunity to serve your bank. We ensure you of our best service.','Thanking You','Yours Truly','For Amrit Engineers','ishnoorsingh@in.com','jasvirsinghsond@gmail.com','amritengineers80@gmail.com','amritengineers@yahoo.in','+91 98140-09500','+91 87270-09500','0161-2439500','Dated : 09/06/2015',9,2,'2015-05-19 15:05:21.566535','2015-05-19 15:05:21.566535','f',NULL,NULL);
INSERT INTO "quotation_details" VALUES(8,'Amrit Engineering','Service Tax No. : APRPK1196BSD001','Providing Generator on Rent Basis & Allied Services ','87270 - 09500 <br /> 0161 - 2493500 <br /> 80540 - 70500','# 1380, St. No. 31, Janta Nagar, Bhagwan Chowk','Near Public Health Center, Ludhiana-141003','AE15007','Subject: Providing Automation Silent Generator on Monthly Rent Basis','With Regards','On the captioned subject we are pleased to introduce ourselves as service provider in the field of Generator on monthly rent basis. It is for your kind consideration that we are providing the generator sets on monthly rent basis to the banks and other Govt. offices. We have proper infrastructure and staff to serve best to our customers. At present we proudly declare that we are serving many branches of :','Allahabad Bank:','Gill, Pakhowal & Gujjarwal','Dugri, Tagore Nagar, Focal Point, Ferozepur Road, Bahadur Ke Road','Kalsi Nagar ','Mandi Gobindgarh, Mullanpur Dakha, Khanna ','Mandi Ahmedgarh, Malerkotla, Patiala, Shiv Puri, Raj Guru Nagar, Pakhowal Road, Bagha Purana, Bathinda, Dugri Road, Focal Point, Haiobwal, IFB Cheema Chowk ','Jalandher, Balachure, Rattewal, Batala, Nakodhar, Shanker, Patti, Dasuya, Shahkot, Raiya & Zonal Office Amritsar ','Through this letter, we are offering our services to bank. Our monthly rent is quoted as:','<li>Rs-7250.00 for 5.0 Kva</li><li>Rs-9500.00 for 7.5 Kva</li><li>Rs-11000.00 for 10.0 Kva</li><li>Rs-12500.00 for 12.5 Kva</li><li>Rs-13000.00 for 15 Kva</li><li>Rs-13500.00 for 20 Kva</li><li>Rs-17000.00 for 25.00 Kva</li><li>Rs-19500.00 for 31.05 Kva</li><li>Rs-21500.00 for 35.00 Kva</li><li>Rs-27000.00 for 40 Kva</li><li>Rs-29500.00 for 50 Kva</li><li>Rs-39500.00 for 62.5 Kva</li><li>Rs-43500.00 for 75.0 Kva</li>','We shall increase 10% after two years. The rent will include repairs & maintenances and the cost of diesel. Space will be provided by you. Our generator sets will be soundproof & automatic. We shall install only the branded generator sets. If you want higher capacity generator then we may fulfill your demand. Above rates are for all seasons.','We hope you will consider our application and give an opportunity to serve your bank. We ensure you of our best service.','Thanking You','Yours Truly','For Amrit Engineers','ishnoorsingh@in.com','jasvirsinghsond@gmail.com','amritengineers80@gmail.com','amritengineers@yahoo.in','+91 98140-09500','+91 87270-09500','0161-2439500','Dated : 09/06/2015',10,2,'2015-05-19 17:30:20.210135','2015-05-19 17:30:20.210135','f',NULL,NULL);
INSERT INTO "quotation_details" VALUES(9,'Amrit Engineering','Service Tax No. : APRPK1196BSD001','Providing Generator on Rent Basis & Allied Services ','87270 - 09500 <br /> 0161 - 2493500 <br /> 80540 - 70500','# 1380, St. No. 31, Janta Nagar, Bhagwan Chowk','Near Public Health Center, Ludhiana-141003','AE15008','Subject: Providing Automation Silent Generator on Monthly Rent Basis','With Regards','On the captioned subject we are pleased to introduce ourselves as service provider in the field of Generator on monthly rent basis. It is for your kind consideration that we are providing the generator sets on monthly rent basis to the banks and other Govt. offices. We have proper infrastructure and staff to serve best to our customers. At present we proudly declare that we are serving many branches of :','Allahabad Bank:','Gill, Pakhowal & Gujjarwal','Dugri, Tagore Nagar, Focal Point, Ferozepur Road, Bahadur Ke Road','Kalsi Nagar ','Mandi Gobindgarh, Mullanpur Dakha, Khanna ','Mandi Ahmedgarh, Malerkotla, Patiala, Shiv Puri, Raj Guru Nagar, Pakhowal Road, Bagha Purana, Bathinda, Dugri Road, Focal Point, Haiobwal, IFB Cheema Chowk ','Jalandher, Balachure, Rattewal, Batala, Nakodhar, Shanker, Patti, Dasuya, Shahkot, Raiya & Zonal Office Amritsar ','Through this letter, we are offering our services to bank. Our monthly rent is quoted as:','<li>Rs-7250.00 for 5.0 Kva</li><li>Rs-9500.00 for 7.5 Kva</li><li>Rs-11000.00 for 10.0 Kva</li><li>Rs-12500.00 for 12.5 Kva</li><li>Rs-13000.00 for 15 Kva</li><li>Rs-13500.00 for 20 Kva</li><li>Rs-17000.00 for 25.00 Kva</li><li>Rs-19500.00 for 31.05 Kva</li><li>Rs-21500.00 for 35.00 Kva</li><li>Rs-27000.00 for 40 Kva</li><li>Rs-29500.00 for 50 Kva</li><li>Rs-39500.00 for 62.5 Kva</li><li>Rs-43500.00 for 75.0 Kva</li>','We shall increase 10% after two years. The rent will include repairs & maintenances and the cost of diesel. Space will be provided by you. Our generator sets will be soundproof & automatic. We shall install only the branded generator sets. If you want higher capacity generator then we may fulfill your demand. Above rates are for all seasons.','We hope you will consider our application and give an opportunity to serve your bank. We ensure you of our best service.','Thanking You','Yours Truly','For Amrit Engineers','ishnoorsingh@in.com','jasvirsinghsond@gmail.com','amritengineers80@gmail.com','amritengineers@yahoo.in','+91 98140-09500','+91 87270-09500','0161-2439500','Dated : 09/06/2015',11,2,'2015-05-20 06:24:13.170904','2015-05-20 06:24:13.170904','f',NULL,NULL);
INSERT INTO "quotation_details" VALUES(10,'Amrit Engineering','Service Tax No. : APRPK1196BSD001','Providing Generator on Rent Basis & Allied Services ','87270 - 09500 <br /> 0161 - 2493500 <br /> 80540 - 70500','# 1380, St. No. 31, Janta Nagar, Bhagwan Chowk','Near Public Health Center, Ludhiana-141003','AE15009','Subject: Providing Automation Silent Generator on Monthly Rent Basis','With Regards','On the captioned subject we are pleased to introduce ourselves as service provider in the field of Generator on monthly rent basis. It is for your kind consideration that we are providing the generator sets on monthly rent basis to the banks and other Govt. offices. We have proper infrastructure and staff to serve best to our customers. At present we proudly declare that we are serving many branches of :','Allahabad Bank:','Gill, Pakhowal & Gujjarwal','Dugri, Tagore Nagar, Focal Point, Ferozepur Road, Bahadur Ke Road','Kalsi Nagar ','Mandi Gobindgarh, Mullanpur Dakha, Khanna ','Mandi Ahmedgarh, Malerkotla, Patiala, Shiv Puri, Raj Guru Nagar, Pakhowal Road, Bagha Purana, Bathinda, Dugri Road, Focal Point, Haiobwal, IFB Cheema Chowk ','Jalandher, Balachure, Rattewal, Batala, Nakodhar, Shanker, Patti, Dasuya, Shahkot, Raiya & Zonal Office Amritsar ','Through this letter, we are offering our services to bank. Our monthly rent is quoted as:','<li>Rs-7250.00 for 5.0 Kva</li><li>Rs-9500.00 for 7.5 Kva</li><li>Rs-11000.00 for 10.0 Kva</li><li>Rs-12500.00 for 12.5 Kva</li><li>Rs-13000.00 for 15 Kva</li><li>Rs-13500.00 for 20 Kva</li><li>Rs-17000.00 for 25.00 Kva</li><li>Rs-19500.00 for 31.05 Kva</li><li>Rs-21500.00 for 35.00 Kva</li><li>Rs-27000.00 for 40 Kva</li><li>Rs-29500.00 for 50 Kva</li><li>Rs-39500.00 for 62.5 Kva</li><li>Rs-43500.00 for 75.0 Kva</li>','We shall increase 10% after two years. The rent will include repairs & maintenances and the cost of diesel. Space will be provided by you. Our generator sets will be soundproof & automatic. We shall install only the branded generator sets. If you want higher capacity generator then we may fulfill your demand. Above rates are for all seasons.','We hope you will consider our application and give an opportunity to serve your bank. We ensure you of our best service.','Thanking You','Yours Truly','For Amrit Engineers','ishnoorsingh@in.com','jasvirsinghsond@gmail.com','amritengineers80@gmail.com','amritengineers@yahoo.in','+91 98140-09500','+91 87270-09500','0161-2439500','Dated : 09/06/2015',12,2,'2015-05-20 08:55:37.088873','2015-05-20 08:55:37.088873','f',NULL,NULL);
INSERT INTO "quotation_details" VALUES(11,'Amrit Engineering','Service Tax No. : APRPK1196BSD001','Providing Generator on Rent Basis & Allied Services ','87270 - 09500 <br /> 0161 - 2493500 <br /> 80540 - 70500','# 1380, St. No. 31, Janta Nagar, Bhagwan Chowk','Near Public Health Center, Ludhiana-141003','AE15010','Subject: Providing Automation Silent Generator on Monthly Rent Basis','With Regards','On the captioned subject we are pleased to introduce ourselves as service provider in the field of Generator on monthly rent basis. It is for your kind consideration that we are providing the generator sets on monthly rent basis to the banks and other Govt. offices. We have proper infrastructure and staff to serve best to our customers. At present we proudly declare that we are serving many branches of :','Allahabad Bank:','Gill, Pakhowal & Gujjarwal','Dugri, Tagore Nagar, Focal Point, Ferozepur Road, Bahadur Ke Road','Kalsi Nagar ','Mandi Gobindgarh, Mullanpur Dakha, Khanna ','Mandi Ahmedgarh, Malerkotla, Patiala, Shiv Puri, Raj Guru Nagar, Pakhowal Road, Bagha Purana, Bathinda, Dugri Road, Focal Point, Haiobwal, IFB Cheema Chowk ','Jalandher, Balachure, Rattewal, Batala, Nakodhar, Shanker, Patti, Dasuya, Shahkot, Raiya & Zonal Office Amritsar ','Through this letter, we are offering our services to bank. Our monthly rent is quoted as:','<li>Rs-7250.00 for 5.0 Kva</li><li>Rs-9500.00 for 7.5 Kva</li><li>Rs-11000.00 for 10.0 Kva</li><li>Rs-12500.00 for 12.5 Kva</li><li>Rs-13000.00 for 15 Kva</li><li>Rs-13500.00 for 20 Kva</li><li>Rs-17000.00 for 25.00 Kva</li><li>Rs-19500.00 for 31.05 Kva</li><li>Rs-21500.00 for 35.00 Kva</li><li>Rs-27000.00 for 40 Kva</li><li>Rs-29500.00 for 50 Kva</li><li>Rs-39500.00 for 62.5 Kva</li><li>Rs-43500.00 for 75.0 Kva</li>','We shall increase 10% after two years. The rent will include repairs & maintenances and the cost of diesel. Space will be provided by you. Our generator sets will be soundproof & automatic. We shall install only the branded generator sets. If you want higher capacity generator then we may fulfill your demand. Above rates are for all seasons.','We hope you will consider our application and give an opportunity to serve your bank. We ensure you of our best service.','Thanking You','Yours Truly','For Amrit Engineers','ishnoorsingh@in.com','jasvirsinghsond@gmail.com','amritengineers80@gmail.com','amritengineers@yahoo.in','+91 98140-09500','+91 87270-09500','0161-2439500','Dated : 09/06/2015',13,2,'2015-05-20 10:41:48.442897','2015-05-20 10:41:48.442897','f',NULL,NULL);
INSERT INTO "quotation_details" VALUES(12,'Amrit Engineering','Service Tax No. : APRPK1196BSD001','Providing Generator on Rent Basis & Allied Services ','87270 - 09500 <br /> 0161 - 2493500 <br /> 80540 - 70500','# 1380, St. No. 31, Janta Nagar, Bhagwan Chowk','Near Public Health Center, Ludhiana-141003','AE15011','Subject: Providing Automation Silent Generator on Monthly Rent Basis','With Regards','On the captioned subject we are pleased to introduce ourselves as service provider in the field of Generator on monthly rent basis. It is for your kind consideration that we are providing the generator sets on monthly rent basis to the banks and other Govt. offices. We have proper infrastructure and staff to serve best to our customers. At present we proudly declare that we are serving many branches of :','Allahabad Bank:','Gill, Pakhowal & Gujjarwal','Dugri, Tagore Nagar, Focal Point, Ferozepur Road, Bahadur Ke Road','Kalsi Nagar ','Mandi Gobindgarh, Mullanpur Dakha, Khanna ','Mandi Ahmedgarh, Malerkotla, Patiala, Shiv Puri, Raj Guru Nagar, Pakhowal Road, Bagha Purana, Bathinda, Dugri Road, Focal Point, Haiobwal, IFB Cheema Chowk ','Jalandher, Balachure, Rattewal, Batala, Nakodhar, Shanker, Patti, Dasuya, Shahkot, Raiya & Zonal Office Amritsar ','Through this letter, we are offering our services to bank. Our monthly rent is quoted as:','<li>Rs-7250.00 for 5.0 Kva</li><li>Rs-9500.00 for 7.5 Kva</li><li>Rs-11000.00 for 10.0 Kva</li><li>Rs-12500.00 for 12.5 Kva</li><li>Rs-13000.00 for 15 Kva</li><li>Rs-13500.00 for 20 Kva</li><li>Rs-17000.00 for 25.00 Kva</li><li>Rs-19500.00 for 31.05 Kva</li><li>Rs-21500.00 for 35.00 Kva</li><li>Rs-27000.00 for 40 Kva</li><li>Rs-29500.00 for 50 Kva</li><li>Rs-39500.00 for 62.5 Kva</li><li>Rs-43500.00 for 75.0 Kva</li>','We shall increase 10% after two years. The rent will include repairs & maintenances and the cost of diesel. Space will be provided by you. Our generator sets will be soundproof & automatic. We shall install only the branded generator sets. If you want higher capacity generator then we may fulfill your demand. Above rates are for all seasons.','We hope you will consider our application and give an opportunity to serve your bank. We ensure you of our best service.','Thanking You','Yours Truly','For Amrit Engineers','ishnoorsingh@in.com','jasvirsinghsond@gmail.com','amritengineers80@gmail.com','amritengineers@yahoo.in','+91 98140-09500','+91 87270-09500','0161-2439500','Dated : 09/06/2015',14,2,'2015-05-21 10:06:51.287811','2015-05-21 10:06:51.287811','f',NULL,NULL);
INSERT INTO "quotation_details" VALUES(13,'Amrit Engineering','Service Tax No. : APRPK1196BSD001','Providing Generator on Rent Basis & Allied Services ','87270 - 09500 <br /> 0161 - 2493500 <br /> 80540 - 70500','# 1380, St. No. 31, Janta Nagar, Bhagwan Chowk','Near Public Health Center, Ludhiana-141003','AE15012','Subject: Providing Automation Silent Generator on Monthly Rent Basis','With Regards','On the captioned subject we are pleased to introduce ourselves as service provider in the field of Generator on monthly rent basis. It is for your kind consideration that we are providing the generator sets on monthly rent basis to the banks and other Govt. offices. We have proper infrastructure and staff to serve best to our customers. At present we proudly declare that we are serving many branches of :','Allahabad Bank:','Gill, Pakhowal & Gujjarwal','Dugri, Tagore Nagar, Focal Point, Ferozepur Road, Bahadur Ke Road','Kalsi Nagar ','Mandi Gobindgarh, Mullanpur Dakha, Khanna ','Mandi Ahmedgarh, Malerkotla, Patiala, Shiv Puri, Raj Guru Nagar, Pakhowal Road, Bagha Purana, Bathinda, Dugri Road, Focal Point, Haiobwal, IFB Cheema Chowk ','Jalandher, Balachure, Rattewal, Batala, Nakodhar, Shanker, Patti, Dasuya, Shahkot, Raiya & Zonal Office Amritsar ','Through this letter, we are offering our services to bank. Our monthly rent is quoted as:','<li>Rs-7250.00 for 5.0 Kva</li><li>Rs-9500.00 for 7.5 Kva</li><li>Rs-11000.00 for 10.0 Kva</li><li>Rs-12500.00 for 12.5 Kva</li><li>Rs-13000.00 for 15 Kva</li><li>Rs-13500.00 for 20 Kva</li><li>Rs-17000.00 for 25.00 Kva</li><li>Rs-19500.00 for 31.05 Kva</li><li>Rs-21500.00 for 35.00 Kva</li><li>Rs-27000.00 for 40 Kva</li><li>Rs-29500.00 for 50 Kva</li><li>Rs-39500.00 for 62.5 Kva</li><li>Rs-43500.00 for 75.0 Kva</li>','We shall increase 10% after two years. The rent will include repairs & maintenances and the cost of diesel. Space will be provided by you. Our generator sets will be soundproof & automatic. We shall install only the branded generator sets. If you want higher capacity generator then we may fulfill your demand. Above rates are for all seasons.','We hope you will consider our application and give an opportunity to serve your bank. We ensure you of our best service.','Thanking You','Yours Truly','For Amrit Engineers','ishnoorsingh@in.com','jasvirsinghsond@gmail.com','amritengineers80@gmail.com','amritengineers@yahoo.in','+91 98140-09500','+91 87270-09500','0161-2439500','Dated : 09/06/2015',15,2,'2015-05-21 10:11:52.692416','2015-05-21 10:11:52.692416','f',NULL,NULL);
INSERT INTO "quotation_details" VALUES(14,'Amrit Engineering','Service Tax No. : APRPK1196BSD001','Providing Generator on Rent Basis & Allied Services ','87270 - 09500 <br /> 0161 - 2493500 <br /> 80540 - 70500','# 1380, St. No. 31, Janta Nagar, Bhagwan Chowk','Near Public Health Center, Ludhiana-141003','AE15013','Subject: Providing Automation Silent Generator on Monthly Rent Basis','With Regards','On the captioned subject we are pleased to introduce ourselves as service provider in the field of Generator on monthly rent basis. It is for your kind consideration that we are providing the generator sets on monthly rent basis to the banks and other Govt. offices. We have proper infrastructure and staff to serve best to our customers. At present we proudly declare that we are serving many branches of :','Allahabad Bank:','Gill, Pakhowal & Gujjarwal','Dugri, Tagore Nagar, Focal Point, Ferozepur Road, Bahadur Ke Road','Kalsi Nagar ','Mandi Gobindgarh, Mullanpur Dakha, Khanna ','Mandi Ahmedgarh, Malerkotla, Patiala, Shiv Puri, Raj Guru Nagar, Pakhowal Road, Bagha Purana, Bathinda, Dugri Road, Focal Point, Haiobwal, IFB Cheema Chowk ','Jalandher, Balachure, Rattewal, Batala, Nakodhar, Shanker, Patti, Dasuya, Shahkot, Raiya & Zonal Office Amritsar ','Through this letter, we are offering our services to bank. Our monthly rent is quoted as:','<li>Rs-7250.00 for 5.0 Kva</li><li>Rs-9500.00 for 7.5 Kva</li><li>Rs-11000.00 for 10.0 Kva</li><li>Rs-12500.00 for 12.5 Kva</li><li>Rs-13000.00 for 15 Kva</li><li>Rs-13500.00 for 20 Kva</li><li>Rs-17000.00 for 25.00 Kva</li><li>Rs-19500.00 for 31.05 Kva</li><li>Rs-21500.00 for 35.00 Kva</li><li>Rs-27000.00 for 40 Kva</li><li>Rs-29500.00 for 50 Kva</li><li>Rs-39500.00 for 62.5 Kva</li><li>Rs-43500.00 for 75.0 Kva</li>','We shall increase 10% after two years. The rent will include repairs & maintenances and the cost of diesel. Space will be provided by you. Our generator sets will be soundproof & automatic. We shall install only the branded generator sets. If you want higher capacity generator then we may fulfill your demand. Above rates are for all seasons.','We hope you will consider our application and give an opportunity to serve your bank. We ensure you of our best service.','Thanking You','Yours Truly','For Amrit Engineers','ishnoorsingh@in.com','jasvirsinghsond@gmail.com','amritengineers80@gmail.com','amritengineers@yahoo.in','+91 98140-09500','+91 87270-09500','0161-2439500','Dated : 09/06/2015',16,2,'2015-05-21 10:13:53.413846','2015-05-21 10:13:53.413846','f',NULL,NULL);
INSERT INTO "quotation_details" VALUES(15,'Amrit Engineering','Service Tax No. : APRPK1196BSD001','Providing Generator on Rent Basis & Allied Services ','87270 - 09500 <br /> 0161 - 2493500 <br /> 80540 - 70500','# 1380, St. No. 31, Janta Nagar, Bhagwan Chowk','Near Public Health Center, Ludhiana-141003','AE15014','Subject: Providing Automation Silent Generator on Monthly Rent Basis','With Regards','On the captioned subject we are pleased to introduce ourselves as service provider in the field of Generator on monthly rent basis. It is for your kind consideration that we are providing the generator sets on monthly rent basis to the banks and other Govt. offices. We have proper infrastructure and staff to serve best to our customers. At present we proudly declare that we are serving many branches of :','Allahabad Bank:','Gill, Pakhowal & Gujjarwal','Dugri, Tagore Nagar, Focal Point, Ferozepur Road, Bahadur Ke Road','Kalsi Nagar ','Mandi Gobindgarh, Mullanpur Dakha, Khanna ','Mandi Ahmedgarh, Malerkotla, Patiala, Shiv Puri, Raj Guru Nagar, Pakhowal Road, Bagha Purana, Bathinda, Dugri Road, Focal Point, Haiobwal, IFB Cheema Chowk ','Jalandher, Balachure, Rattewal, Batala, Nakodhar, Shanker, Patti, Dasuya, Shahkot, Raiya & Zonal Office Amritsar ','Through this letter, we are offering our services to bank. Our monthly rent is quoted as:','<li>Rs-7250.00 for 5.0 Kva</li><li>Rs-9500.00 for 7.5 Kva</li><li>Rs-11000.00 for 10.0 Kva</li><li>Rs-12500.00 for 12.5 Kva</li><li>Rs-13000.00 for 15 Kva</li><li>Rs-13500.00 for 20 Kva</li><li>Rs-17000.00 for 25.00 Kva</li><li>Rs-19500.00 for 31.05 Kva</li><li>Rs-21500.00 for 35.00 Kva</li><li>Rs-27000.00 for 40 Kva</li><li>Rs-29500.00 for 50 Kva</li><li>Rs-39500.00 for 62.5 Kva</li><li>Rs-43500.00 for 75.0 Kva</li>','We shall increase 10% after two years. The rent will include repairs & maintenances and the cost of diesel. Space will be provided by you. Our generator sets will be soundproof & automatic. We shall install only the branded generator sets. If you want higher capacity generator then we may fulfill your demand. Above rates are for all seasons.','We hope you will consider our application and give an opportunity to serve your bank. We ensure you of our best service.','Thanking You','Yours Truly','For Amrit Engineers','ishnoorsingh@in.com','jasvirsinghsond@gmail.com','amritengineers80@gmail.com','amritengineers@yahoo.in','+91 98140-09500','+91 87270-09500','0161-2439500','Dated : 09/06/2015',17,2,'2015-05-21 11:56:31.211666','2015-05-21 11:56:31.211666','f',NULL,NULL);
INSERT INTO "quotation_details" VALUES(16,'Amrit Engineering','Service Tax No. : APRPK1196BSD001','Providing Generator on Rent Basis & Allied Services ','87270 - 09500 <br /> 0161 - 2493500 <br /> 80540 - 70500','# 1380, St. No. 31, Janta Nagar, Bhagwan Chowk','Near Public Health Center, Ludhiana-141003','AE15015','Subject: Providing Automation Silent Generator on Monthly Rent Basis','With Regards','On the captioned subject we are pleased to introduce ourselves as service provider in the field of Generator on monthly rent basis. It is for your kind consideration that we are providing the generator sets on monthly rent basis to the banks and other Govt. offices. We have proper infrastructure and staff to serve best to our customers. At present we proudly declare that we are serving many branches of :','Allahabad Bank:','Gill, Pakhowal & Gujjarwal','Dugri, Tagore Nagar, Focal Point, Ferozepur Road, Bahadur Ke Road','Kalsi Nagar ','Mandi Gobindgarh, Mullanpur Dakha, Khanna ','Mandi Ahmedgarh, Malerkotla, Patiala, Shiv Puri, Raj Guru Nagar, Pakhowal Road, Bagha Purana, Bathinda, Dugri Road, Focal Point, Haiobwal, IFB Cheema Chowk ','Jalandher, Balachure, Rattewal, Batala, Nakodhar, Shanker, Patti, Dasuya, Shahkot, Raiya & Zonal Office Amritsar ','Through this letter, we are offering our services to bank. Our monthly rent is quoted as:','<li>Rs-7250.00 for 5.0 Kva</li><li>Rs-9500.00 for 7.5 Kva</li><li>Rs-11000.00 for 10.0 Kva</li><li>Rs-12500.00 for 12.5 Kva</li><li>Rs-13000.00 for 15 Kva</li><li>Rs-13500.00 for 20 Kva</li><li>Rs-17000.00 for 25.00 Kva</li><li>Rs-19500.00 for 31.05 Kva</li><li>Rs-21500.00 for 35.00 Kva</li><li>Rs-27000.00 for 40 Kva</li><li>Rs-29500.00 for 50 Kva</li><li>Rs-39500.00 for 62.5 Kva</li><li>Rs-43500.00 for 75.0 Kva</li>','We shall increase 10% after two years. The rent will include repairs & maintenances and the cost of diesel. Space will be provided by you. Our generator sets will be soundproof & automatic. We shall install only the branded generator sets. If you want higher capacity generator then we may fulfill your demand. Above rates are for all seasons.','We hope you will consider our application and give an opportunity to serve your bank. We ensure you of our best service.','Thanking You','Yours Truly','For Amrit Engineers','ishnoorsingh@in.com','jasvirsinghsond@gmail.com','amritengineers80@gmail.com','amritengineers@yahoo.in','+91 98140-09500','+91 87270-09500','0161-2439500','Dated : 09/06/2015',19,2,'2015-05-21 13:14:21.329732','2015-05-21 13:14:21.329732','f',NULL,NULL);
INSERT INTO "quotation_details" VALUES(17,'Amrit Engineering','Service Tax No. : APRPK1196BSD001','Providing Generator on Rent Basis & Allied Services ','87270 - 09500 <br /> 0161 - 2493500 <br /> 80540 - 70500','# 1380, St. No. 31, Janta Nagar, Bhagwan Chowk','Near Public Health Center, Ludhiana-141003','AE15016','Subject: Providing Automation Silent Generator on Monthly Rent Basis','With Regards','On the captioned subject we are pleased to introduce ourselves as service provider in the field of Generator on monthly rent basis. It is for your kind consideration that we are providing the generator sets on monthly rent basis to the banks and other Govt. offices. We have proper infrastructure and staff to serve best to our customers. At present we proudly declare that we are serving many branches of :','Allahabad Bank:','Gill, Pakhowal & Gujjarwal','Dugri, Tagore Nagar, Focal Point, Ferozepur Road, Bahadur Ke Road','Kalsi Nagar ','Mandi Gobindgarh, Mullanpur Dakha, Khanna ','Mandi Ahmedgarh, Malerkotla, Patiala, Shiv Puri, Raj Guru Nagar, Pakhowal Road, Bagha Purana, Bathinda, Dugri Road, Focal Point, Haiobwal, IFB Cheema Chowk ','Jalandher, Balachure, Rattewal, Batala, Nakodhar, Shanker, Patti, Dasuya, Shahkot, Raiya & Zonal Office Amritsar ','Through this letter, we are offering our services to bank. Our monthly rent is quoted as:','<li>Rs-7250.00 for 5.0 Kva</li><li>Rs-9500.00 for 7.5 Kva</li><li>Rs-11000.00 for 10.0 Kva</li><li>Rs-12500.00 for 12.5 Kva</li><li>Rs-13000.00 for 15 Kva</li><li>Rs-13500.00 for 20 Kva</li><li>Rs-17000.00 for 25.00 Kva</li><li>Rs-19500.00 for 31.05 Kva</li><li>Rs-21500.00 for 35.00 Kva</li><li>Rs-27000.00 for 40 Kva</li><li>Rs-29500.00 for 50 Kva</li><li>Rs-39500.00 for 62.5 Kva</li><li>Rs-43500.00 for 75.0 Kva</li>','We shall increase 10% after two years. The rent will include repairs & maintenances and the cost of diesel. Space will be provided by you. Our generator sets will be soundproof & automatic. We shall install only the branded generator sets. If you want higher capacity generator then we may fulfill your demand. Above rates are for all seasons.','We hope you will consider our application and give an opportunity to serve your bank. We ensure you of our best service.','Thanking You','Yours Truly','For Amrit Engineers','ishnoorsingh@in.com','jasvirsinghsond@gmail.com','amritengineers80@gmail.com','amritengineers@yahoo.in','+91 98140-09500','+91 87270-09500','0161-2439500','Dated : 09/06/2015',20,2,'2015-05-22 09:51:39.493278','2015-05-22 09:51:39.493278','f',NULL,NULL);
INSERT INTO "quotation_details" VALUES(18,'Amrit Engineering','Service Tax No. : APRPK1196BSD001','Providing Generator on Rent Basis & Allied Services ','87270 - 09500 <br /> 0161 - 2493500 <br /> 80540 - 70500','# 1380, St. No. 31, Janta Nagar, Bhagwan Chowk','Near Public Health Center, Ludhiana-141003','AE15017','Subject: Providing Automation Silent Generator on Monthly Rent Basis','With Regards','On the captioned subject we are pleased to introduce ourselves as service provider in the field of Generator on monthly rent basis. It is for your kind consideration that we are providing the generator sets on monthly rent basis to the banks and other Govt. offices. We have proper infrastructure and staff to serve best to our customers. At present we proudly declare that we are serving many branches of :','Allahabad Bank:','Gill, Pakhowal & Gujjarwal','Dugri, Tagore Nagar, Focal Point, Ferozepur Road, Bahadur Ke Road','Kalsi Nagar ','Mandi Gobindgarh, Mullanpur Dakha, Khanna ','Mandi Ahmedgarh, Malerkotla, Patiala, Shiv Puri, Raj Guru Nagar, Pakhowal Road, Bagha Purana, Bathinda, Dugri Road, Focal Point, Haiobwal, IFB Cheema Chowk ','Jalandher, Balachure, Rattewal, Batala, Nakodhar, Shanker, Patti, Dasuya, Shahkot, Raiya & Zonal Office Amritsar ','Through this letter, we are offering our services to bank. Our monthly rent is quoted as:','<li>Rs-7250.00 for 5.0 Kva</li><li>Rs-9500.00 for 7.5 Kva</li><li>Rs-11000.00 for 10.0 Kva</li><li>Rs-12500.00 for 12.5 Kva</li><li>Rs-13000.00 for 15 Kva</li><li>Rs-13500.00 for 20 Kva</li><li>Rs-17000.00 for 25.00 Kva</li><li>Rs-19500.00 for 31.05 Kva</li><li>Rs-21500.00 for 35.00 Kva</li><li>Rs-27000.00 for 40 Kva</li><li>Rs-29500.00 for 50 Kva</li><li>Rs-39500.00 for 62.5 Kva</li><li>Rs-43500.00 for 75.0 Kva</li>','We shall increase 10% after two years. The rent will include repairs & maintenances and the cost of diesel. Space will be provided by you. Our generator sets will be soundproof & automatic. We shall install only the branded generator sets. If you want higher capacity generator then we may fulfill your demand. Above rates are for all seasons.','We hope you will consider our application and give an opportunity to serve your bank. We ensure you of our best service.','Thanking You','Yours Truly','For Amrit Engineers','ishnoorsingh@in.com','jasvirsinghsond@gmail.com','amritengineers80@gmail.com','amritengineers@yahoo.in','+91 98140-09500','+91 87270-09500','0161-2439500','Dated : 09/06/2015',25,2,'2015-06-06 07:34:49.076250','2015-06-06 07:34:49.076250','f',NULL,NULL);
INSERT INTO "quotation_details" VALUES(19,'Amrit Engineering','Service Tax No. : APRPK1196BSD001','Providing Generator on Rent Basis & Allied Services ','87270 - 09500 <br /> 0161 - 2493500 <br /> 80540 - 70500','# 1380, St. No. 31, Janta Nagar, Bhagwan Chowk','Near Public Health Center, Ludhiana-141003','AE15018','sadasd','Date: 2015-dsfasd06-09','On the captioned subject we are pleased to introduce ourselves as service provider in the field of Generator on monthly rent basis. It is for your kind consideration that we are providing the generator sets on monthly rent basis to the banks and other Govt. offices. We have proper infrastructure and staff to serve best to our customers. At present we proudly declare that we are serving many branches of :','Allahabad Bank:','Gill, Pakhowal & Gujjarwal','Dugri, Tagore Nagar, Focal Point, Ferozepur Road, Bahadur Ke Road','Kalsi Nagar ','Mandi Gobindgarh, Mullanpur Dakha, Khanna ','Mandi Ahmedgarh, Malerkotla, Patiala, Shiv Puri, Raj Guru Nagar, Pakhowal Road, Bagha Purana, Bathinda, Dugri Road, Focal Point, Haiobwal, IFB Cheema Chowk ','Jalandher, Balachure, Rattewal, Batala, Nakodhar, Shanker, Patti, Dasuya, Shahkot, Raiya & Zonal Office Amritsar ','Through this letter, we are offering our services to bank. Our monthly rent is quoted as:','<li>Rs-7250.00 for 5.0 Kva</li><li>Rs-9500.00 for 7.5 Kva</li><li>Rs-11000.00 for 10.0 Kva</li><li>Rs-12500.00 for 12.5 Kva</li><li>Rs-13000.00 for 15 Kva</li><li>Rs-13500.00 for 20 Kva</li><li>Rs-17000.00 for 25.00 Kva</li><li>Rs-19500.00 for 31.05 Kva</li><li>Rs-21500.00 for 35.00 Kva</li><li>Rs-27000.00 for 40 Kva</li><li>Rs-29500.00 for 50 Kva</li><li>Rs-39500.00 for 62.5 Kva</li><li>Rs-43500.00 for 75.0 Kva</li>','We shall increase 10% after two years. The rent will include repairs & maintenances and the cost of diesel. Space will be provided by you. Our generator sets will be soundproof & automatic. We shall install only the branded generator sets. If you want higher capacity generator then we may fulfill your demand. Above rates are for all seasons.','We hope you will consider our application and give an opportunity to serve your bank. We ensure you of our best service.','Thanking You','Yours Truly','For Amrit Engineers','ishnoorsingh@in.com','jasvirsinghsond@gmail.com','amritengineers80@gmail.com','amritengineers@yahoo.in','+91 98140-095','+91 87270-09500','0161-2439500','Date: 2015-dsfasd06-09',26,2,'2015-06-07 19:34:58.417089','2015-06-09 11:52:38.459619','f',NULL,NULL);
INSERT INTO "quotation_details" VALUES(20,'Amrit Engineering','Service Tax No. : APRPK1196BSD001','Providing Generator on Rent Basis & Allied Services ','87270 - 09500 <br /> 0161 - 2493500 <br /> 80540 - 70500','# 1380, St. No. 31, Janta Nagar, Bhagwan Chowk','Near Public Health Center, Ludhiana-141003','AE15019','Subject: Providing Automation Silent Generator on Monthly Rent Basis','Madam / sir','We are involved in the business of providing automatic generator sets on monthly rental basis to Government as well as private sector banks. We have proper infrastructure and well trained staff to offer quality services to customers. At present, we are proudly serving several esteemed brands of banking sector such as:','Allahabad Bank:','Gill, Pakhowal & Gujjarwal','Dugri, Tagore Nagar, Focal Point, Ferozepur Road, Bahadur Ke Road','Kalsi Nagar ','Mandi Gobindgarh, Mullanpur Dakha, Khanna ','Mandi Ahmedgarh, Malerkotla, Patiala, Shiv Puri, Raj Guru Nagar, Pakhowal Road, Bagha Purana, Bathinda, Dugri Road, Focal Point, Haiobwal, IFB Cheema Chowk ','Jalandher, Balachure, Rattewal, Batala, Nakodhar, Shanker, Patti, Dasuya, Shahkot, Raiya & Zonal Office Amritsar ','Through this business proposal, we are offering following generator sets at their corresponding monthly rent for your branch:','<li>Rs-7250.00 for 5.0 Kva</li><li>Rs-9500.00 for 7.5 Kva</li><li>Rs-11000.00 for 10.0 Kva</li><li>Rs-12500.00 for 12.5 Kva</li><li>Rs-13000.00 for 15 Kva</li><li>Rs-13500.00 for 20 Kva</li><li>Rs-17000.00 for 25.00 Kva</li><li>Rs-19500.00 for 31.05 Kva</li><li>Rs-21500.00 for 35.00 Kva</li><li>Rs-27000.00 for 40 Kva</li><li>Rs-29500.00 for 50 Kva</li><li>Rs-39500.00 for 62.5 Kva</li><li>Rs-43500.00 for 75.0 Kva</li>',' Above mentioned rates are valid for all seasons.<br/><br/>
                                            <div class=''closing-part''>                                                                     
                                              We install only branded generator sets that are soundproof and automatic. Kindly let us know in case you have demand for higher capacity generator    set. We will fulfil your all requirements.<br/><br/></div>                          
                                              <div class=''terms-conditions-heading''>Terms and Conditions</div>
                                              <ul class=''terms-conditions''>                                                                  
                                                <li>Rent will be increased 10% after every two years.</li>            
                                                <li>Rent will cover diesel, repair and maintenances costs.</li>       
                                                <li>Space for installation of generator set will be provided by customer. </li>
                                              </ul>','We hope you will consider our application and give us an opportunity to serve your bank.','Thanking You','Yours Truly','For Amrit Engineers','ishnoorsingh@in.com','jasvirsinghsond@gmail.com','amritengineers80@gmail.com','amritengineers@yahoo.in','+91 98140-09500','+91 87270-09500','0161-2439500','Dated : 09/06/2015',28,2,'2015-06-17 16:37:52.180623','2015-06-17 16:37:52.180623','f',NULL,NULL);
INSERT INTO "quotation_details" VALUES(21,'Amrit Engineering','Service Tax No. : APRPK1196BSD001','Providing Generator on Rent Basis & Allied Services ','87270 - 09500 <br /> 0161 - 2493500 <br /> 80540 - 70500','# 1380, St. No. 31, Janta Nagar, Bhagwan Chowk','Near Public Health Center, Ludhiana-141003','AE15020','Subject: Providing Automation Silent Generator on Monthly Rent Basis','Madam / sir','We are involved in the business of providing automatic generator sets on monthly rental basis to Government as well as private sector banks. We have proper infrastructure and well trained staff to offer quality services to customers. At present, we are proudly serving several esteemed brands of banking sector such as:','Allahabad Bank:','Gill, Pakhowal & Gujjarwal','Dugri, Tagore Nagar, Focal Point, Ferozepur Road, Bahadur Ke Road','Kalsi Nagar ','Mandi Gobindgarh, Mullanpur Dakha, Khanna ','Mandi Ahmedgarh, Malerkotla, Patiala, Shiv Puri, Raj Guru Nagar, Pakhowal Road, Bagha Purana, Bathinda, Dugri Road, Focal Point, Haiobwal, IFB Cheema Chowk ','Jalandher, Balachure, Rattewal, Batala, Nakodhar, Shanker, Patti, Dasuya, Shahkot, Raiya & Zonal Office Amritsar ','Through this business proposal, we are offering following generator sets at their corresponding monthly rent for your branch:','<li>Rs-7250.00 for 5.0 Kva</li><li>Rs-9500.00 for 7.5 Kva</li><li>Rs-11000.00 for 10.0 Kva</li><li>Rs-12500.00 for 12.5 Kva</li><li>Rs-13000.00 for 15 Kva</li><li>Rs-13500.00 for 20 Kva</li><li>Rs-17000.00 for 25.00 Kva</li><li>Rs-19500.00 for 31.05 Kva</li><li>Rs-21500.00 for 35.00 Kva</li><li>Rs-27000.00 for 40 Kva</li><li>Rs-29500.00 for 50 Kva</li><li>Rs-39500.00 for 62.5 Kva</li><li>Rs-43500.00 for 75.0 Kva</li>',' Above mentioned rates are valid for all seasons.<br/><br/>
                                            <div class=''closing-part''>                                                                     
                                              We install only branded generator sets that are soundproof and automatic. Kindly let us know in case you have demand for higher capacity generator    set. We will fulfil your all requirements.<br/><br/></div>                          
                                              <div class=''terms-conditions-heading''>Terms and Conditions</div>
                                              <ul class=''terms-conditions''>                                                                  
                                                <li>Rent will be increased 10% after every two years.</li>            
                                                <li>Rent will cover diesel, repair and maintenances costs.</li>       
                                                <li>Space for installation of generator set will be provided by customer. </li>
                                              </ul>','We hope you will consider our application and give us an opportunity to serve your bank.','Thanking You','Yours Truly','For Amrit Engineers','ishnoorsingh@in.com','jasvirsinghsond@gmail.com','amritengineers80@gmail.com','amritengineers@yahoo.in','+91 98140-09500','+91 87270-09500','0161-2439500','Dated : 09/06/2015',29,2,'2015-06-19 07:00:16.267362','2015-06-19 07:00:16.267362','f',NULL,NULL);
INSERT INTO "quotation_details" VALUES(22,'Amrit Engineering','Service Tax No. : APRPK1196BSD001','Providing Generator on Rent Basis & Allied Services ','87270 - 09500 <br /> 0161 - 2493500 <br /> 80540 - 70500','# 1380, St. No. 31, Janta Nagar, Bhagwan Chowk','Near Public Health Center, Ludhiana-141003','AE15021','Subject: Providing Automation Silent Generator on Monthly Rent Basis','Madam / sir','We are involved in the business of providing automatic generator sets on monthly rental basis to Government as well as private sector banks. We have proper infrastructure and well trained staff to offer quality services to customers. At present, we are proudly serving several esteemed brands of banking sector such as:','Allahabad Bank:','Gill, Pakhowal & Gujjarwal','Dugri, Tagore Nagar, Focal Point, Ferozepur Road, Bahadur Ke Road','Kalsi Nagar ','Mandi Gobindgarh, Mullanpur Dakha, Khanna ','Mandi Ahmedgarh, Malerkotla, Patiala, Shiv Puri, Raj Guru Nagar, Pakhowal Road, Bagha Purana, Bathinda, Dugri Road, Focal Point, Haiobwal, IFB Cheema Chowk ','Jalandher, Balachure, Rattewal, Batala, Nakodhar, Shanker, Patti, Dasuya, Shahkot, Raiya & Zonal Office Amritsar ','Through this business proposal, we are offering following generator sets at their corresponding monthly rent for your branch:','<li>Rs-7250.00 for 5.0 Kva</li><li>Rs-9500.00 for 7.5 Kva</li><li>Rs-11000.00 for 10.0 Kva</li><li>Rs-12500.00 for 12.5 Kva</li><li>Rs-13000.00 for 15 Kva</li><li>Rs-13500.00 for 20 Kva</li><li>Rs-17000.00 for 25.00 Kva</li><li>Rs-19500.00 for 31.05 Kva</li><li>Rs-21500.00 for 35.00 Kva</li><li>Rs-27000.00 for 40 Kva</li><li>Rs-29500.00 for 50 Kva</li><li>Rs-39500.00 for 62.5 Kva</li><li>Rs-43500.00 for 75.0 Kva</li>',' Above mentioned rates are valid for all seasons.<br/><br/>
                                            <div class=''closing-part''>                                                                     
                                              We install only branded generator sets that are soundproof and automatic. Kindly let us know in case you have demand for higher capacity generator    set. We will fulfil your all requirements.<br/><br/></div>                          
                                              <div class=''terms-conditions-heading''>Terms and Conditions</div>
                                              <ul class=''terms-conditions''>                                                                  
                                                <li>Rent will be increased 10% after every two years.</li>            
                                                <li>Rent will cover diesel, repair and maintenances costs.</li>       
                                                <li>Space for installation of generator set will be provided by customer. </li>
                                              </ul>','We hope you will consider our application and give us an opportunity to serve your bank.','Thanking You','Yours Truly','For Amrit Engineers','ishnoorsingh@in.com','jasvirsinghsond@gmail.com','amritengineers80@gmail.com','amritengineers@yahoo.in','+91 98140-09500','+91 87270-09500','0161-2439500','Dated : 09/06/2015',30,2,'2015-06-19 08:51:34.158046','2015-06-19 08:51:34.158046','f',NULL,NULL);
INSERT INTO "quotation_details" VALUES(23,'Amrit Engineering','Service Tax No. : APRPK1196BSD001','Providing Generator on Rent Basis & Allied Services ','87270 - 09500 <br /> 0161 - 2493500 <br /> 80540 - 70500','# 1380, St. No. 31, Janta Nagar, Bhagwan Chowk','Near Public Health Center, Ludhiana-141003','AE15022','Subject: Providing Automation Silent Generator on Monthly Rent Basis','Madam / sir','We are involved in the business of providing automatic generator sets on monthly rental basis to Government as well as private sector banks. We have proper infrastructure and well trained staff to offer quality services to customers. At present, we are proudly serving several esteemed brands of banking sector such as:','Allahabad Bank:','Gill, Pakhowal & Gujjarwal','Dugri, Tagore Nagar, Focal Point, Ferozepur Road, Bahadur Ke Road','Kalsi Nagar ','Mandi Gobindgarh, Mullanpur Dakha, Khanna ','Mandi Ahmedgarh, Malerkotla, Patiala, Shiv Puri, Raj Guru Nagar, Pakhowal Road, Bagha Purana, Bathinda, Dugri Road, Focal Point, Haiobwal, IFB Cheema Chowk ','Jalandher, Balachure, Rattewal, Batala, Nakodhar, Shanker, Patti, Dasuya, Shahkot, Raiya & Zonal Office Amritsar ','Through this business proposal, we are offering following generator sets at their corresponding monthly rent for your branch:','<li>Rs-7250.00 for 5.0 Kva</li><li>Rs-9500.00 for 7.5 Kva</li><li>Rs-11000.00 for 10.0 Kva</li><li>Rs-12500.00 for 12.5 Kva</li><li>Rs-13000.00 for 15 Kva</li><li>Rs-13500.00 for 20 Kva</li><li>Rs-17000.00 for 25.00 Kva</li><li>Rs-19500.00 for 31.05 Kva</li><li>Rs-21500.00 for 35.00 Kva</li><li>Rs-27000.00 for 40 Kva</li><li>Rs-29500.00 for 50 Kva</li><li>Rs-39500.00 for 62.5 Kva</li><li>Rs-43500.00 for 75.0 Kva</li>',' Above mentioned rates are valid for all seasons.<br/><br/>
                                            <div class=''closing-part''>                                                                     
                                              We install only branded generator sets that are soundproof and automatic. Kindly let us know in case you have demand for higher capacity generator    set. We will fulfil your all requirements.<br/><br/></div>                          
                                              <div class=''terms-conditions-heading''>Terms and Conditions</div>
                                              <ul class=''terms-conditions''>                                                                  
                                                <li>Rent will be increased 10% after every two years.</li>            
                                                <li>Rent will cover diesel, repair and maintenances costs.</li>       
                                                <li>Space for installation of generator set will be provided by customer. </li>
                                              </ul>','We hope you will consider our application and give us an opportunity to serve your bank.','Thanking You','Yours Truly','For Amrit Engineers','ishnoorsingh@in.com','jasvirsinghsond@gmail.com','amritengineers80@gmail.com','amritengineers@yahoo.in','+91 98140-09500','+91 87270-09500','0161-2439500','Dated : 09/06/2015',31,2,'2015-06-21 09:21:57.155194','2015-06-21 09:21:57.155194','f',NULL,NULL);
INSERT INTO "quotation_details" VALUES(24,'Amrit Engineering','Service Tax No. : APRPK1196BSD001','Providing Generator on Rent Basis & Allied Services ','87270 - 09500 <br /> 0161 - 2493500 <br /> 80540 - 70500','# 1380, St. No. 31, Janta Nagar, Bhagwan Chowk','Near Public Health Center, Ludhiana-141003','AE15023','Subject: Providing Automation Silent Generator on Monthly Rent Basis','Madam / sir','We are involved in the business of providing automatic generator sets on monthly rental basis to Government as well as private sector banks. We have proper infrastructure and well trained staff to offer quality services to customers. At present, we are proudly serving several esteemed brands of banking sector such as:','Allahabad Bank:','Gill, Pakhowal & Gujjarwal','Dugri, Tagore Nagar, Focal Point, Ferozepur Road, Bahadur Ke Road','Kalsi Nagar ','Mandi Gobindgarh, Mullanpur Dakha, Khanna ','Mandi Ahmedgarh, Malerkotla, Patiala, Shiv Puri, Raj Guru Nagar, Pakhowal Road, Bagha Purana, Bathinda, Dugri Road, Focal Point, Haiobwal, IFB Cheema Chowk ','Jalandher, Balachure, Rattewal, Batala, Nakodhar, Shanker, Patti, Dasuya, Shahkot, Raiya & Zonal Office Amritsar ','Through this business proposal, we are offering following generator sets at their corresponding monthly rent for your branch:','<li>Rs-7250.00 for 5.0 Kva</li><li>Rs-9500.00 for 7.5 Kva</li><li>Rs-11000.00 for 10.0 Kva</li><li>Rs-12500.00 for 12.5 Kva</li><li>Rs-13000.00 for 15 Kva</li><li>Rs-13500.00 for 20 Kva</li><li>Rs-17000.00 for 25.00 Kva</li><li>Rs-19500.00 for 31.05 Kva</li><li>Rs-21500.00 for 35.00 Kva</li><li>Rs-27000.00 for 40 Kva</li><li>Rs-29500.00 for 50 Kva</li><li>Rs-39500.00 for 62.5 Kva</li><li>Rs-43500.00 for 75.0 Kva</li>',' Above mentioned rates are valid for all seasons.<br/><br/>
                                            <div class=''closing-part''>                                                                     
                                              We install only branded generator sets that are soundproof and automatic. Kindly let us know in case you have demand for higher capacity generator    set. We will fulfil your all requirements.<br/><br/></div>                          
                                              <div class=''terms-conditions-heading''>Terms and Conditions</div>
                                              <ul class=''terms-conditions''>                                                                  
                                                <li>Rent will be increased 10% after every two years.</li>            
                                                <li>Rent will cover diesel, repair and maintenances costs.</li>       
                                                <li>Space for installation of generator set will be provided by customer. </li>
                                              </ul>','We hope you will consider our application and give us an opportunity to serve your bank.','Thanking You','Yours Truly','For Amrit Engineers','ishnoorsingh@in.com','jasvirsinghsond@gmail.com','amritengineers80@gmail.com','amritengineers@yahoo.in','+91 98140-09500','+91 87270-09500','0161-2439500','Dated : 09/06/2015',32,2,'2015-06-21 12:48:02.545384','2015-06-21 12:48:02.545384','f',NULL,NULL);
INSERT INTO "quotation_details" VALUES(25,'Amrit Engineering','Service Tax No. : APRPK1196BSD001','Providing Generator on Rent Basis & Allied Services ','87270 - 09500 <br /> 0161 - 2493500 <br /> 80540 - 70500','# 1380, St. No. 31, Janta Nagar, Bhagwan Chowk','Near Public Health Center, Ludhiana-141003','AE15024','Subject: Providing Automation Silent Generator on Monthly Rent Basis','Madam / sir','We are involved in the business of providing automatic generator sets on monthly rental basis to Government as well as private sector banks. We have proper infrastructure and well trained staff to offer quality services to customers. At present, we are proudly serving several esteemed brands of banking sector such as:','Allahabad Bank:','Gill, Pakhowal & Gujjarwal','Dugri, Tagore Nagar, Focal Point, Ferozepur Road, Bahadur Ke Road','Kalsi Nagar ','Mandi Gobindgarh, Mullanpur Dakha, Khanna ','Mandi Ahmedgarh, Malerkotla, Patiala, Shiv Puri, Raj Guru Nagar, Pakhowal Road, Bagha Purana, Bathinda, Dugri Road, Focal Point, Haiobwal, IFB Cheema Chowk ','Jalandher, Balachure, Rattewal, Batala, Nakodhar, Shanker, Patti, Dasuya, Shahkot, Raiya & Zonal Office Amritsar ','Through this business proposal, we are offering following generator sets at their corresponding monthly rent for your branch:','<li>Rs-7250.00 for 5.0 Kva</li><li>Rs-9500.00 for 7.5 Kva</li><li>Rs-11000.00 for 10.0 Kva</li><li>Rs-12500.00 for 12.5 Kva</li><li>Rs-13000.00 for 15 Kva</li><li>Rs-13500.00 for 20 Kva</li><li>Rs-17000.00 for 25.00 Kva</li><li>Rs-19500.00 for 31.05 Kva</li><li>Rs-21500.00 for 35.00 Kva</li><li>Rs-27000.00 for 40 Kva</li><li>Rs-29500.00 for 50 Kva</li><li>Rs-39500.00 for 62.5 Kva</li><li>Rs-43500.00 for 75.0 Kva</li>',' Above mentioned rates are valid for all seasons.<br/><br/>
                                            <div class=''closing-part''>                                                                     
                                              We install only branded generator sets that are soundproof and automatic. Kindly let us know in case you have demand for higher capacity generator    set. We will fulfil your all requirements.<br/><br/></div>                          
                                              <div class=''terms-conditions-heading''>Terms and Conditions</div>
                                              <ul class=''terms-conditions''>                                                                  
                                                <li>Rent will be increased 10% after every two years.</li>            
                                                <li>Rent will cover diesel, repair and maintenances costs.</li>       
                                                <li>Space for installation of generator set will be provided by customer. </li>
                                              </ul>','We hope you will consider our application and give us an opportunity to serve your bank.','Thanking You','Yours Truly','For Amrit Engineers','ishnoorsingh@in.com','jasvirsinghsond@gmail.com','amritengineers80@gmail.com','amritengineers@yahoo.in','+91 98140-09500','+91 87270-09500','0161-2439500','Dated : 09/06/2015',33,2,'2015-06-22 02:42:32.740508','2015-06-22 02:42:32.740508','f',NULL,NULL);
INSERT INTO "quotation_details" VALUES(26,'Amrit Engineering','Service Tax No. : APRPK1196BSD001','Providing Generator on Rent Basis & Allied Services ','87270 - 09500 <br /> 0161 - 2493500 <br /> 80540 - 70500','# 1380, St. No. 31, Janta Nagar, Bhagwan Chowk','Near Public Health Center, Ludhiana-141003','AE15025','Subject: Providing Automation Silent Generator on Monthly Rent Basis','Madam / sir','We are involved in the business of providing automatic generator sets on monthly rental basis to Government as well as private sector banks. We have proper infrastructure and well trained staff to offer quality services to customers. At present, we are proudly serving several esteemed brands of banking sector such as:','Allahabad Bank:','Gill, Pakhowal & Gujjarwal','Dugri, Tagore Nagar, Focal Point, Ferozepur Road, Bahadur Ke Road','Kalsi Nagar ','Mandi Gobindgarh, Mullanpur Dakha, Khanna ','Mandi Ahmedgarh, Malerkotla, Patiala, Shiv Puri, Raj Guru Nagar, Pakhowal Road, Bagha Purana, Bathinda, Dugri Road, Focal Point, Haiobwal, IFB Cheema Chowk ','Jalandher, Balachure, Rattewal, Batala, Nakodhar, Shanker, Patti, Dasuya, Shahkot, Raiya & Zonal Office Amritsar ','Through this business proposal, we are offering following generator sets at their corresponding monthly rent for your branch:','<li>Rs-7250.00 for 5.0 Kva</li><li>Rs-9500.00 for 7.5 Kva</li><li>Rs-11000.00 for 10.0 Kva</li><li>Rs-12500.00 for 12.5 Kva</li><li>Rs-13000.00 for 15 Kva</li><li>Rs-13500.00 for 20 Kva</li><li>Rs-17000.00 for 25.00 Kva</li><li>Rs-19500.00 for 31.05 Kva</li><li>Rs-21500.00 for 35.00 Kva</li><li>Rs-27000.00 for 40 Kva</li><li>Rs-29500.00 for 50 Kva</li><li>Rs-39500.00 for 62.5 Kva</li><li>Rs-43500.00 for 75.0 Kva</li>',' Above mentioned rates are valid for all seasons.
                                            ','We hope you will consider our application and give us an opportunity to serve your bank.','Thanking You','Yours Truly','For Amrit Engineers','ishnoorsingh@in.com','jasvirsinghsond@gmail.com','amritengineers80@gmail.com','amritengineers@yahoo.in','+91 98140-09500','+91 87270-09500','0161-2439500','Date: 2015-06-26 17:29:55 UTC',35,2,'2015-06-22 05:15:53.573788','2015-06-22 19:21:03.524549','t','2015-06-23',NULL);
INSERT INTO "quotation_details" VALUES(27,'Amrit Engineering','Service Tax No. : APRPK1196BSD001','Providing Generator on Rent Basis & Allied Services ','87270 - 09500 <br /> 0161 - 2493500 <br /> 80540 - 70500','# 1380, St. No. 31, Janta Nagar, Bhagwan Chowk','Near Public Health Center, Ludhiana-141003','AE15026','Subject: Providing Automation Silent Generator on Monthly Rent Basis','Madam / sir','We are involved in the business of providing automatic generator sets on monthly rental basis to Government as well as private sector banks. We have proper infrastructure and well trained staff to offer quality services to customers. At present, we are proudly serving several esteemed brands of banking sector such as:','Allahabad Bank:','Gill, Pakhowal & Gujjarwal','Dugri, Tagore Nagar, Focal Point, Ferozepur Road, Bahadur Ke Road','Kalsi Nagar ','Mandi Gobindgarh, Mullanpur Dakha, Khanna ','Mandi Ahmedgarh, Malerkotla, Patiala, Shiv Puri, Raj Guru Nagar, Pakhowal Road, Bagha Purana, Bathinda, Dugri Road, Focal Point, Haiobwal, IFB Cheema Chowk ','Jalandher, Balachure, Rattewal, Batala, Nakodhar, Shanker, Patti, Dasuya, Shahkot, Raiya & Zonal Office Amritsar ','Through this business proposal, we are offering following generator sets at their corresponding monthly rent for your branch:','<li>Rs-7250.00 for 5.0 Kva</li><li>Rs-9500.00 for 7.5 Kva</li><li>Rs-11000.00 for 10.0 Kva</li><li>Rs-12500.00 for 12.5 Kva</li><li>Rs-13000.00 for 15 Kva</li><li>Rs-13500.00 for 20 Kva</li><li>Rs-17000.00 for 25.00 Kva</li><li>Rs-19500.00 for 31.05 Kva</li><li>Rs-21500.00 for 35.00 Kva</li><li>Rs-27000.00 for 40 Kva</li><li>Rs-29500.00 for 50 Kva</li><li>Rs-39500.00 for 62.5 Kva</li><li>Rs-43500.00 for 75.0 Kva</li>',' Above mentioned rates are valid for all seasons.<br/><br/>
                                            <div class=''closing-part''>                                                                     
                                              We install only branded generator sets that are soundproof and automatic. Kindly let us know in case you have demand for higher capacity generator    set. We will fulfil your all requirements.<br/><br/></div>                          
                                              <div class=''terms-conditions-heading''>Terms and Conditions</div>
                                              <ul class=''terms-conditions''>                                                                  
                                                <li>Rent will be increased 10% after every two years.</li>            
                                                <li>Rent will cover diesel, repair and maintenances costs.</li>       
                                                <li>Space for installation of generator set will be provided by customer. </li>
                                              </ul>','We hope you will consider our application and give us an opportunity to serve your bank.','Thanking You','Yours Truly','For Amrit Engineers','ishnoorsingh@in.com','jasvirsinghsond@gmail.com','amritengineers80@gmail.com','amritengineers@yahoo.in','+91 98140-09500','+91 87270-09500','0161-2439500','Dated : 09/06/2015',36,2,'2015-06-22 17:52:27.027109','2015-06-22 17:52:51.741899','t','2015-06-22',NULL);
INSERT INTO "quotation_details" VALUES(28,'Amrit Engineering','Service Tax No. : APRPK1196BSD001','Providing Generator on Rent Basis & Allied Services ','87270 - 09500 <br /> 0161 - 2493500 <br /> 80540 - 70500','# 1380, St. No. 31, Janta Nagar, Bhagwan Chowk','Near Public Health Center, Ludhiana-141003','AE15027','Subject: Providing Automation Silent Generator on Monthly Rent Basis','Madam / sir','We are involved in the business of providing automatic generator sets on monthly rental basis to Government as well as private sector banks. We have proper infrastructure and well trained staff to offer quality services to customers. At present, we are proudly serving several esteemed brands of banking sector such as:','Allahabad Bank:','Gill, Pakhowal & Gujjarwal','Dugri, Tagore Nagar, Focal Point, Ferozepur Road, Bahadur Ke Road','Kalsi Nagar ','Mandi Gobindgarh, Mullanpur Dakha, Khanna ','Mandi Ahmedgarh, Malerkotla, Patiala, Shiv Puri, Raj Guru Nagar, Pakhowal Road, Bagha Purana, Bathinda, Dugri Road, Focal Point, Haiobwal, IFB Cheema Chowk ','Jalandher, Balachure, Rattewal, Batala, Nakodhar, Shanker, Patti, Dasuya, Shahkot, Raiya & Zonal Office Amritsar ','Through this business proposal, we are offering following generator sets at their corresponding monthly rent for your branch:','<li>Rs-7250.00 for 5.0 Kva</li><li>Rs-9500.00 for 7.5 Kva</li><li>Rs-11000.00 for 10.0 Kva</li><li>Rs-12500.00 for 12.5 Kva</li><li>Rs-13000.00 for 15 Kva</li><li>Rs-13500.00 for 20 Kva</li><li>Rs-17000.00 for 25.00 Kva</li><li>Rs-19500.00 for 31.05 Kva</li><li>Rs-21500.00 for 35.00 Kva</li><li>Rs-27000.00 for 40 Kva</li><li>Rs-29500.00 for 50 Kva</li><li>Rs-39500.00 for 62.5 Kva</li><li>Rs-43500.00 for 75.0 Kva</li>',' Above mentioned rates are valid for all seasons.
                                            ','We hope you will consider our application and give us an opportunity to serve your bank.','Thanking You','Yours Truly','For Amrit Engineers','ishnoorsingh@in.com','jasvirsinghsond@gmail.com','amritengineers80@gmail.com','amritengineers@yahoo.in','+91 98140-09500','+91 87270-09500','0161-2439500','Date: 2015-06-26',35,2,'2015-06-23 04:38:52.411573','2015-06-23 04:38:52.411573','f',NULL,NULL);
INSERT INTO "quotation_details" VALUES(29,'Amrit Engineering','Service Tax No. : APRPK1196BSD001','Providing Generator on Rent Basis & Allied Services ','87270 - 09500 <br /> 0161 - 2493500 <br /> 80540 - 70500','# 1380, St. No. 31, Janta Nagar, Bhagwan Chowk','Near Public Health Center, Ludhiana-141003','AE15028','Subject: Providing Automation Silent Generator on Monthly Rent Basis','Madam / sir','We are involved in the business of providing automatic generator sets on monthly rental basis to Government as well as private sector banks. We have proper infrastructure and well trained staff to offer quality services to customers. At present, we are proudly serving several esteemed brands of banking sector such as:','Allahabad Bank:','Gill, Pakhowal & Gujjarwal','Dugri, Tagore Nagar, Focal Point, Ferozepur Road, Bahadur Ke Road','Kalsi Nagar ','Mandi Gobindgarh, Mullanpur Dakha, Khanna ','Mandi Ahmedgarh, Malerkotla, Patiala, Shiv Puri, Raj Guru Nagar, Pakhowal Road, Bagha Purana, Bathinda, Dugri Road, Focal Point, Haiobwal, IFB Cheema Chowk ','Jalandher, Balachure, Rattewal, Batala, Nakodhar, Shanker, Patti, Dasuya, Shahkot, Raiya & Zonal Office Amritsar ','Through this business proposal, we are offering following generator sets at their corresponding monthly rent for your branch:','<li>Rs-7250.00 for 5.0 Kva</li><li>Rs-9500.00 for 7.5 Kva</li><li>Rs-11000.00 for 10.0 Kva</li><li>Rs-12500.00 for 12.5 Kva</li><li>Rs-13000.00 for 15 Kva</li><li>Rs-13500.00 for 20 Kva</li><li>Rs-17000.00 for 25.00 Kva</li><li>Rs-19500.00 for 31.05 Kva</li><li>Rs-21500.00 for 35.00 Kva</li><li>Rs-27000.00 for 40 Kva</li><li>Rs-29500.00 for 50 Kva</li><li>Rs-39500.00 for 62.5 Kva</li><li>Rs-43500.00 for 75.0 Kva</li>',' Above mentioned rates are valid for all seasons.
                                            ','We hope you will consider our application and give us an opportunity to serve your bank.','Thanking You','Yours Truly','For Amrit Engineers','ishnoorsingh@in.com','jasvirsinghsond@gmail.com','amritengineers80@gmail.com','amritengineers@yahoo.in','+91 98140-09500','+91 87270-09500','0161-2439500','Date: 2015-06-26',35,2,'2015-06-23 04:39:01.937905','2015-06-23 04:39:01.937905','f',NULL,NULL);
INSERT INTO "quotation_details" VALUES(30,'Amrit Engineering','Service Tax No. : APRPK1196BSD001','Providing Generator on Rent Basis & Allied Services ','87270 - 09500 <br /> 0161 - 2493500 <br /> 80540 - 70500','# 1380, St. No. 31, Janta Nagar, Bhagwan Chowk','Near Public Health Center, Ludhiana-141003','AE15029','Subject: Providing Automation Silent Generator on Monthly Rent Basis','Madam / sir','We are involved in the business of providing automatic generator sets on monthly rental basis to Government as well as private sector banks. We have proper infrastructure and well trained staff to offer quality services to customers. At present, we are proudly serving several esteemed brands of banking sector such as:','Allahabad Bank:','Gill, Pakhowal & Gujjarwal','Dugri, Tagore Nagar, Focal Point, Ferozepur Road, Bahadur Ke Road','Kalsi Nagar ','Mandi Gobindgarh, Mullanpur Dakha, Khanna ','Mandi Ahmedgarh, Malerkotla, Patiala, Shiv Puri, Raj Guru Nagar, Pakhowal Road, Bagha Purana, Bathinda, Dugri Road, Focal Point, Haiobwal, IFB Cheema Chowk ','Jalandher, Balachure, Rattewal, Batala, Nakodhar, Shanker, Patti, Dasuya, Shahkot, Raiya & Zonal Office Amritsar ','Through this business proposal, we are offering following generator sets at their corresponding monthly rent for your branch:','<li>Rs-7250.00 for 5.0 Kva</li><li>Rs-9500.00 for 7.5 Kva</li><li>Rs-11000.00 for 10.0 Kva</li><li>Rs-12500.00 for 12.5 Kva</li><li>Rs-13000.00 for 15 Kva</li><li>Rs-13500.00 for 20 Kva</li><li>Rs-17000.00 for 25.00 Kva</li><li>Rs-19500.00 for 31.05 Kva</li><li>Rs-21500.00 for 35.00 Kva</li><li>Rs-27000.00 for 40 Kva</li><li>Rs-29500.00 for 50 Kva</li><li>Rs-39500.00 for 62.5 Kva</li><li>Rs-43500.00 for 75.0 Kva</li>',' Above mentioned rates are valid for all seasons.
                                            ','We hope you will consider our application and give us an opportunity to serve your bank.','Thanking You','Yours Truly','For Amrit Engineers','ishnoorsingh@in.com','jasvirsinghsond@gmail.com','amritengineers80@gmail.com','amritengineers@yahoo.in','+91 98140-09500','+91 87270-09500','0161-2439500','Date: 2015-06-26',35,2,'2015-06-23 04:40:05.804411','2015-06-23 04:40:05.804411','f',NULL,NULL);
INSERT INTO "quotation_details" VALUES(31,'Amrit Engineering','Service Tax No. : APRPK1196BSD001','Providing Generator on Rent Basis & Allied Services ','87270 - 09500 <br /> 0161 - 2493500 <br /> 80540 - 70500','# 1380, St. No. 31, Janta Nagar, Bhagwan Chowk','Near Public Health Center, Ludhiana-141003','AE15030','Subject: Providing Automation Silent Generator on Monthly Rent Basis','Madam / sir','We are involved in the business of providing automatic generator sets on monthly rental basis to Government as well as private sector banks. We have proper infrastructure and well trained staff to offer quality services to customers. At present, we are proudly serving several esteemed brands of banking sector such as:','Allahabad Bank:','Gill, Pakhowal & Gujjarwal','Dugri, Tagore Nagar, Focal Point, Ferozepur Road, Bahadur Ke Road','Kalsi Nagar ','Mandi Gobindgarh, Mullanpur Dakha, Khanna ','Mandi Ahmedgarh, Malerkotla, Patiala, Shiv Puri, Raj Guru Nagar, Pakhowal Road, Bagha Purana, Bathinda, Dugri Road, Focal Point, Haiobwal, IFB Cheema Chowk ','Jalandher, Balachure, Rattewal, Batala, Nakodhar, Shanker, Patti, Dasuya, Shahkot, Raiya & Zonal Office Amritsar ','Through this business proposal, we are offering following generator sets at their corresponding monthly rent for your branch:','<li>Rs-7250.00 for 5.0 Kva</li><li>Rs-9500.00 for 7.5 Kva</li><li>Rs-11000.00 for 10.0 Kva</li><li>Rs-12500.00 for 12.5 Kva</li><li>Rs-13000.00 for 15 Kva</li><li>Rs-13500.00 for 20 Kva</li><li>Rs-17000.00 for 25.00 Kva</li><li>Rs-19500.00 for 31.05 Kva</li><li>Rs-21500.00 for 35.00 Kva</li><li>Rs-27000.00 for 40 Kva</li><li>Rs-29500.00 for 50 Kva</li><li>Rs-39500.00 for 62.5 Kva</li><li>Rs-43500.00 for 75.0 Kva</li>',' Above mentioned rates are valid for all seasons.
                                            ','We hope you will consider our application and give us an opportunity to serve your bank.','Thanking You','Yours Truly','For Amrit Engineers','ishnoorsingh@in.com','jasvirsinghsond@gmail.com','amritengineers80@gmail.com','amritengineers@yahoo.in','+91 98140-09500','+91 87270-09500','0161-2439500','Date: Date: 09/06/201',36,2,'2015-06-23 04:40:35.643818','2015-06-23 04:50:13.965513','f',NULL,NULL);
INSERT INTO "quotation_details" VALUES(32,'Amrit Engineering','Service Tax No. : APRPK1196BSD001','Providing Generator on Rent Basis & Allied Services ','87270 - 09500 <br /> 0161 - 2493500 <br /> 80540 - 70500','# 1380, St. No. 31, Janta Nagar, Bhagwan Chowk','Near Public Health Center, Ludhiana-141003','AE15031','Subject: Providing Automation Silent Generator on Monthly Rent Basis','Madam / sir','We are involved in the business of providing automatic generator sets on monthly rental basis to Government as well as private sector banks. We have proper infrastructure and well trained staff to offer quality services to customers. At present, we are proudly serving several esteemed brands of banking sector such as:','Allahabad Bank:','Gill, Pakhowal & Gujjarwal','Dugri, Tagore Nagar, Focal Point, Ferozepur Road, Bahadur Ke Road','Kalsi Nagar ','Mandi Gobindgarh, Mullanpur Dakha, Khanna ','Mandi Ahmedgarh, Malerkotla, Patiala, Shiv Puri, Raj Guru Nagar, Pakhowal Road, Bagha Purana, Bathinda, Dugri Road, Focal Point, Haiobwal, IFB Cheema Chowk ','Jalandher, Balachure, Rattewal, Batala, Nakodhar, Shanker, Patti, Dasuya, Shahkot, Raiya & Zonal Office Amritsar ','Through this business proposal, we are offering following generator sets at their corresponding monthly rent for your branch:','<li>Rs-7250.00 for 5.0 Kva</li><li>Rs-9500.00 for 7.5 Kva</li><li>Rs-11000.00 for 10.0 Kva</li><li>Rs-12500.00 for 12.5 Kva</li><li>Rs-13000.00 for 15 Kva</li><li>Rs-13500.00 for 20 Kva</li><li>Rs-17000.00 for 25.00 Kva</li><li>Rs-19500.00 for 31.05 Kva</li><li>Rs-21500.00 for 35.00 Kva</li><li>Rs-27000.00 for 40 Kva</li><li>Rs-29500.00 for 50 Kva</li><li>Rs-39500.00 for 62.5 Kva</li><li>Rs-43500.00 for 75.0 Kva</li>',' Above mentioned rates are valid for all seasons.
                                            ','We hope you will consider our application and give us an opportunity to serve your bank.','Thanking You','Yours Truly','For Amrit Engineers','ishnoorsingh@in.com','jasvirsinghsond@gmail.com','amritengineers80@gmail.com','amritengineers@yahoo.in','+91 98140-09500','+91 87270-09500','0161-2439500','Date: Dated : 09/06/215',36,2,'2015-06-23 04:41:04.720683','2015-06-23 04:41:04.720683','f',NULL,NULL);
INSERT INTO "quotation_details" VALUES(33,'Amrit Engineering','Service Tax No. : APRPK1196BSD001','Providing Generator on Rent Basis & Allied Services ','87270 - 09500 <br /> 0161 - 2493500 <br /> 80540 - 70500','# 1380, St. No. 31, Janta Nagar, Bhagwan Chowk','Near Public Health Center, Ludhiana-141003','AE15032','Subject: Providing Automation Silent Generator on Monthly Rent Basis','Madam / sir','We are involved in the business of providing automatic generator sets on monthly rental basis to Government as well as private sector banks. We have proper infrastructure and well trained staff to offer quality services to customers. At present, we are proudly serving several esteemed brands of banking sector such as:','Allahabad Bank:','Gill, Pakhowal & Gujjarwal','Dugri, Tagore Nagar, Focal Point, Ferozepur Road, Bahadur Ke Road','Kalsi Nagar ','Mandi Gobindgarh, Mullanpur Dakha, Khanna ','Mandi Ahmedgarh, Malerkotla, Patiala, Shiv Puri, Raj Guru Nagar, Pakhowal Road, Bagha Purana, Bathinda, Dugri Road, Focal Point, Haiobwal, IFB Cheema Chowk ','Jalandher, Balachure, Rattewal, Batala, Nakodhar, Shanker, Patti, Dasuya, Shahkot, Raiya & Zonal Office Amritsar ','Through this business proposal, we are offering following generator sets at their corresponding monthly rent for your branch:','<li>Rs-7250.00 for 5.0 Kva</li><li>Rs-9500.00 for 7.5 Kva</li><li>Rs-11000.00 for 10.0 Kva</li><li>Rs-12500.00 for 12.5 Kva</li><li>Rs-13000.00 for 15 Kva</li><li>Rs-13500.00 for 20 Kva</li><li>Rs-17000.00 for 25.00 Kva</li><li>Rs-19500.00 for 31.05 Kva</li><li>Rs-21500.00 for 35.00 Kva</li><li>Rs-27000.00 for 40 Kva</li><li>Rs-29500.00 for 50 Kva</li><li>Rs-39500.00 for 62.5 Kva</li><li>Rs-43500.00 for 75.0 Kva</li>',' Above mentioned rates are valid for all seasons.<br/><br/>
                                            <div class=''closing-part''>                                                                     
                                              We install only branded generator sets that are soundproof and automatic. Kindly let us know in case you have demand for higher capacity generator    set. We will fulfil your all requirements.<br/><br/></div>                          
                                              <div class=''terms-conditions-heading''>Terms and Conditions</div>
                                              <ul class=''terms-conditions''>                                                                  
                                                <li>Rent will be increased 10% after every two years.</li>            
                                                <li>Rent will cover diesel, repair and maintenances costs.</li>       
                                                <li>Space for installation of generator set will be provided by customer. </li>
                                              </ul>','We hope you will consider our application and give us an opportunity to serve your bank.','Thanking You','Yours Truly','For Amrit Engineers','ishnoorsingh@in.com','jasvirsinghsond@gmail.com','amritengineers80@gmail.com','amritengineers@yahoo.in','+91 98140-09500','+91 87270-09500','0161-2439500','Dated : 09/06/2015',38,2,'2015-06-24 04:32:07.666051','2015-06-24 07:04:12.346383','t','2015-06-24',NULL);
INSERT INTO "quotation_details" VALUES(34,'Amrit Engineering','Service Tax No. : APRPK1196BSD001','Providing Generator on Rent Basis & Allied Services ','87270 - 09500 <br /> 0161 - 2493500 <br /> 80540 - 70500','# 1380, St. No. 31, Janta Nagar, Bhagwan Chowk','Near Public Health Center, Ludhiana-141003','AE15033','Subject: Providing Automation Silent Generator on Monthly Rent Basis','Madam / sir','We are involved in the business of providing automatic generator sets on monthly rental basis to Government as well as private sector banks. We have proper infrastructure and well trained staff to offer quality services to customers. At present, we are proudly serving several esteemed brands of banking sector such as:','Allahabad Bank:','Gill, Pakhowal & Gujjarwal','Dugri, Tagore Nagar, Focal Point, Ferozepur Road, Bahadur Ke Road','Kalsi Nagar ','Mandi Gobindgarh, Mullanpur Dakha, Khanna ','Mandi Ahmedgarh, Malerkotla, Patiala, Shiv Puri, Raj Guru Nagar, Pakhowal Road, Bagha Purana, Bathinda, Dugri Road, Focal Point, Haiobwal, IFB Cheema Chowk ','Jalandher, Balachure, Rattewal, Batala, Nakodhar, Shanker, Patti, Dasuya, Shahkot, Raiya & Zonal Office Amritsar ','Through this business proposal, we are offering following generator sets at their corresponding monthly rent for your branch:','<li>Rs-7250.00 for 5.0 Kva</li><li>Rs-9500.00 for 7.5 Kva</li><li>Rs-11000.00 for 10.0 Kva</li><li>Rs-12500.00 for 12.5 Kva</li><li>Rs-13000.00 for 15 Kva</li><li>Rs-13500.00 for 20 Kva</li><li>Rs-17000.00 for 25.00 Kva</li><li>Rs-19500.00 for 31.05 Kva</li><li>Rs-21500.00 for 35.00 Kva</li><li>Rs-27000.00 for 40 Kva</li><li>Rs-29500.00 for 50 Kva</li><li>Rs-39500.00 for 62.5 Kva</li><li>Rs-43500.00 for 75.0 Kva</li>',' Above mentioned rates are valid for all seasons.<br/><br/>
                                            <div class=''closing-part''>                                                                     
                                              We install only branded generator sets that are soundproof and automatic. Kindly let us know in case you have demand for higher capacity generator    set. We will fulfil your all requirements.<br/><br/></div>                          
                                              <div class=''terms-conditions-heading''>Terms and Conditions</div>
                                              <ul class=''terms-conditions''>                                                                  
                                                <li>Rent will be increased 10% after every two years.</li>            
                                                <li>Rent will cover diesel, repair and maintenances costs.</li>       
                                                <li>Space for installation of generator set will be provided by customer. </li>
                                              </ul>','We hope you will consider our application and give us an opportunity to serve your bank.','Thanking You','Yours Truly','For Amrit Engineers','ishnoorsingh@in.com','jasvirsinghsond@gmail.com','amritengineers80@gmail.com','amritengineers@yahoo.in','+91 98140-09500','+91 87270-09500','0161-2439500','Dated : 09/06/2015',39,2,'2015-06-24 05:31:39.374776','2015-06-24 13:13:49.208525','t','2015-06-24',NULL);
CREATE TABLE "sender_details" ("id" INTEGER PRIMARY KEY AUTOINCREMENT NOT NULL, "name" varchar, "emailID" varchar, "address" text, "contactNo" integer(12), "signature_file_name" varchar, "signature_content_type" varchar, "signature_file_size" integer, "signature_updated_at" datetime, "created_at" datetime NOT NULL, "updated_at" datetime NOT NULL, "quotationType" varchar);
INSERT INTO "sender_details" VALUES(2,'BOngo','vigadeep@gmail.com','12',9897871243,'IMG_20150309_143033.jpg','image/jpeg',971911,'2015-04-20 07:48:06.275213','2015-04-20 07:48:07.086448','2015-06-22 17:50:00.589512','Real');
INSERT INTO "sender_details" VALUES(3,'Fake Quotation Man','bongo@techgeek.co.in','112',9876544432,'cropped-copy-copy-cropped-colouredOnTransparent-e13803531599171.png','image/png',4742,'2015-05-15 08:42:54.656308','2015-05-15 08:42:54.729194','2015-05-15 08:42:54.729194','Fake');
INSERT INTO "sender_details" VALUES(4,'Test Man','vigasdeep@gmail.com','11',918231121,'1091120_673119522718367_154990999_o.png','image/png',11014,'2015-05-17 21:13:25.201699','2015-05-17 21:13:25.356819','2015-05-17 21:13:25.356819','Fake');
CREATE TABLE "gaurd_details" ("id" INTEGER PRIMARY KEY AUTOINCREMENT NOT NULL, "name" varchar, "address" text, "contactNo" integer(12), "created_at" datetime NOT NULL, "updated_at" datetime NOT NULL, "monthlySalary" decimal(10,2));
INSERT INTO "gaurd_details" VALUES(1,'BS SING',NULL,9912233412,'2015-05-18 07:09:04.655507','2015-05-18 07:09:04.655507',10000);
INSERT INTO "gaurd_details" VALUES(2,'BS SING',NULL,9912233412,'2015-05-18 07:17:52.026578','2015-05-18 07:17:52.026578',10000);
INSERT INTO "gaurd_details" VALUES(3,'BS SING',NULL,9912233412,'2015-05-18 07:22:08.419208','2015-05-18 07:22:08.419208',10000);
INSERT INTO "gaurd_details" VALUES(4,'BS SING',NULL,9912233412,'2015-05-18 07:23:15.368665','2015-05-18 07:23:15.368665',10000);
INSERT INTO "gaurd_details" VALUES(5,'BS SING',NULL,9912233412,'2015-05-18 07:23:57.873328','2015-05-18 07:23:57.873328',10000);
INSERT INTO "gaurd_details" VALUES(6,'BAnta Singh',NULL,9912233412,'2015-05-18 12:34:32.092041','2015-05-18 12:34:32.092041',10000);
INSERT INTO "gaurd_details" VALUES(7,'BAnta Singh',NULL,9912233412,'2015-05-18 12:40:52.233184','2015-05-18 12:40:52.233184',30000);
INSERT INTO "gaurd_details" VALUES(8,'BAnta Singh',NULL,9912233412,'2015-05-18 12:54:28.775061','2015-05-18 12:54:28.775061',10000);
INSERT INTO "gaurd_details" VALUES(9,'BAnta Singh',NULL,9912233412,'2015-05-19 07:37:02.810328','2015-05-19 07:37:02.810328',10000);
INSERT INTO "gaurd_details" VALUES(10,'BSMOGNA',NULL,897892311,'2015-05-19 16:49:13.854411','2015-05-19 16:49:13.854411',8000);
INSERT INTO "gaurd_details" VALUES(11,'BSMOGNA',NULL,897892311,'2015-05-19 16:50:31.930310','2015-05-19 16:50:31.930310',8000);
INSERT INTO "gaurd_details" VALUES(12,'BSMOGNA',NULL,9876543211,'2015-05-19 18:14:56.398075','2015-05-19 18:14:56.398075',8000);
INSERT INTO "gaurd_details" VALUES(13,'BAKJDA',NULL,98765432111,'2015-05-20 07:09:51.069996','2015-05-20 07:09:51.069996',98761);
INSERT INTO "gaurd_details" VALUES(14,'BAKJDA',NULL,98765432111,'2015-05-20 07:10:25.512775','2015-05-20 07:10:25.512775',98761);
INSERT INTO "gaurd_details" VALUES(15,'BAKJDA',NULL,98765432111,'2015-05-20 07:12:35.576427','2015-05-20 07:12:35.576427',98761);
INSERT INTO "gaurd_details" VALUES(16,'Third Party Man',NULL,8712893792,'2015-05-20 08:56:59.336214','2015-05-20 08:56:59.336214',7900);
INSERT INTO "gaurd_details" VALUES(17,'NOMO',NULL,876555678,'2015-05-21 08:16:57.276855','2015-05-21 08:16:57.276855',900001);
INSERT INTO "gaurd_details" VALUES(18,'BAKJDA',NULL,9912233412,'2015-05-21 10:08:34.905906','2015-05-21 10:08:34.905906',10000);
INSERT INTO "gaurd_details" VALUES(19,'bongo ji',NULL,123231241,'2015-05-21 10:12:27.261560','2015-05-21 10:12:27.261560',900);
INSERT INTO "gaurd_details" VALUES(20,'harman',NULL,9876543212,'2015-05-21 10:14:43.852592','2015-05-21 10:14:43.852592',10000);
INSERT INTO "gaurd_details" VALUES(21,'MY Guard',NULL,8934819341,'2015-05-21 11:57:28.136631','2015-05-21 11:57:28.136631',91000);
INSERT INTO "gaurd_details" VALUES(22,'Pan Signh Tomar',NULL,987654321,'2015-06-09 07:30:20.497831','2015-06-09 07:30:20.497831',10000);
INSERT INTO "gaurd_details" VALUES(23,'BSMOGNA',NULL,9876543211,'2015-06-17 17:06:18.807181','2015-06-17 17:06:18.807181',8000);
INSERT INTO "gaurd_details" VALUES(24,'babes singh',NULL,987654321,'2015-06-21 00:04:46.879547','2015-06-21 00:04:46.879547',8800);
INSERT INTO "gaurd_details" VALUES(25,'dasdfa',NULL,8908978988,'2015-06-21 08:37:03.724634','2015-06-21 08:37:03.724634',8700);
INSERT INTO "gaurd_details" VALUES(26,'sdfdsafa',NULL,8798789,'2015-06-21 09:22:43.501156','2015-06-21 09:22:43.501156',4000);
INSERT INTO "gaurd_details" VALUES(27,'Banna',NULL,978979,'2015-06-21 12:59:03.343630','2015-06-21 12:59:03.343630',7000);
INSERT INTO "gaurd_details" VALUES(28,'dfasda',NULL,97879897,'2015-06-22 06:21:25.725523','2015-06-22 06:21:25.725523',8500);
INSERT INTO "gaurd_details" VALUES(29,'baba',NULL,87654321,'2015-06-22 12:24:16.630068','2015-06-22 12:24:16.630068',8100);
INSERT INTO "gaurd_details" VALUES(30,'Bango',NULL,8968789897,'2015-06-23 05:13:14.912929','2015-06-23 05:13:14.912929',800);
INSERT INTO "gaurd_details" VALUES(31,'NA',NULL,7878917231,'2015-06-25 19:16:30.515362','2015-06-25 19:16:30.515362',9000);
INSERT INTO "gaurd_details" VALUES(32,'selfei',NULL,1234567890,'2015-07-18 05:47:20.376118','2015-07-18 05:47:20.376118',10);
INSERT INTO "gaurd_details" VALUES(33,'100',NULL,1234567890,'2015-07-18 08:46:58.294854','2015-07-18 08:46:58.294854',100);
INSERT INTO "gaurd_details" VALUES(34,'100',NULL,1234567890,'2015-07-18 09:24:30.881366','2015-07-18 09:24:30.881366',100);
CREATE TABLE "third_party_providers" ("id" INTEGER PRIMARY KEY AUTOINCREMENT NOT NULL, "name" varchar, "address" text, "contactNo" integer(12), "created_at" datetime NOT NULL, "updated_at" datetime NOT NULL);
INSERT INTO "third_party_providers" VALUES(1,'Provider 1','112',9892321123,'2015-05-19 16:04:31.328167','2015-05-19 16:04:31.328167');
CREATE TABLE "client_gen_sets" ("id" INTEGER PRIMARY KEY AUTOINCREMENT NOT NULL, "genRent" decimal(10,2), "monthlyTax" decimal(10,2), "quotation_detail_id" integer, "client_detail_id" integer, "gen_avail_id" integer, "gaurd_detail_id" integer, "created_at" datetime NOT NULL, "updated_at" datetime NOT NULL, "serviceTax" decimal(2,2), "eduTax" decimal(2,2), "third_party_gens_id" integer, "approveDate" varchar, "approveMonth" varchar, "approveYear" varchar, "tds" decimal);
INSERT INTO "client_gen_sets" VALUES(20,1000,NULL,20,28,NULL,23,'2015-06-17 17:06:18.830687','2015-06-17 17:06:18.830687',12,3,21,'17','6','2015',10);
INSERT INTO "client_gen_sets" VALUES(21,20000,NULL,21,29,74,24,'2015-06-21 00:04:46.885564','2015-06-21 00:04:46.885564',12,3,NULL,'21','6','2015',10);
INSERT INTO "client_gen_sets" VALUES(22,10000,NULL,22,30,NULL,25,'2015-06-21 08:37:03.732752','2015-06-21 08:37:03.732752',12,3,22,'21','6','2015',10);
INSERT INTO "client_gen_sets" VALUES(23,2000,NULL,23,31,NULL,26,'2015-06-21 09:22:43.509952','2015-06-21 09:22:43.509952',12,3,23,'21','6','2015',10);
INSERT INTO "client_gen_sets" VALUES(24,9000,NULL,24,32,NULL,27,'2015-06-21 12:59:03.359199','2015-06-21 12:59:03.359199',12,3,24,'21','6','2015',10);
INSERT INTO "client_gen_sets" VALUES(25,1000,NULL,25,33,NULL,28,'2015-06-22 06:21:25.742041','2015-06-22 06:21:25.742041',12,3,25,'22','6','2015',9);
INSERT INTO "client_gen_sets" VALUES(26,20000,NULL,26,35,75,29,'2015-06-22 12:24:16.636317','2015-06-22 12:24:16.636317',12,3,NULL,'22','6','2015',9);
INSERT INTO "client_gen_sets" VALUES(27,50000,NULL,32,36,NULL,30,'2015-06-23 05:13:14.925432','2015-06-23 05:13:14.925432',12,3,26,'23','6','2015',1);
INSERT INTO "client_gen_sets" VALUES(28,30000,NULL,33,38,NULL,31,'2015-06-25 19:16:30.527366','2015-06-25 19:16:30.527366',12,3,27,'26','6','2015',3);
INSERT INTO "client_gen_sets" VALUES(29,10,NULL,34,39,NULL,32,'2015-07-18 05:47:20.395098','2015-07-18 05:47:20.395098',14,3,28,'18','7','2015',10);
INSERT INTO "client_gen_sets" VALUES(30,100,NULL,34,39,NULL,33,'2015-07-18 08:46:58.312313','2015-07-18 08:46:58.312313',14,3,29,'18','7','2015',100);
INSERT INTO "client_gen_sets" VALUES(31,100,NULL,34,39,NULL,34,'2015-07-18 09:24:30.897333','2015-07-18 09:24:30.897333',14,3,30,'18','7','2015',100);
CREATE TABLE "gen_expenses" ("id" INTEGER PRIMARY KEY AUTOINCREMENT NOT NULL, "date" date, "reading" varchar, "readingBy" varchar, "batteryStatus" varchar, "radiatorStatus" varchar, "dieselCharge" decimal, "otherExpenses" decimal, "client_detail_id" integer, "created_at" datetime NOT NULL, "updated_at" datetime NOT NULL);
INSERT INTO "gen_expenses" VALUES(4,'2015-05-19','ok','Self','ok','ok',0,100,8,'2015-05-19 08:34:59.733665','2015-05-19 08:34:59.733665');
INSERT INTO "gen_expenses" VALUES(6,'2015-05-19','ok','Self','ok','ok',100,100,8,'2015-05-19 08:43:17.261542','2015-05-19 08:43:17.261542');
INSERT INTO "gen_expenses" VALUES(8,'2015-05-19','ok','Self','ok','ok',100,100,8,'2015-05-19 08:43:54.143582','2015-05-19 08:43:54.143582');
INSERT INTO "gen_expenses" VALUES(11,'2015-05-19','ok','Self','ok','ok',100,100,8,'2015-05-19 08:44:30.342354','2015-05-19 08:44:30.342354');
INSERT INTO "gen_expenses" VALUES(12,'2015-05-19','ok','Telephonic','okn','ok',100,100,8,'2015-05-19 08:44:38.808387','2015-05-19 14:33:46.903006');
INSERT INTO "gen_expenses" VALUES(13,'2015-05-19','ok','Self','ok','ok',100,100,8,'2015-05-19 08:47:23.575511','2015-05-19 08:47:23.575511');
INSERT INTO "gen_expenses" VALUES(14,'2015-05-19','ok','Self','ok','ok',100,100,8,'2015-05-19 08:48:01.048543','2015-05-19 08:48:01.048543');
INSERT INTO "gen_expenses" VALUES(15,'2015-05-19','ok','Self','ok','ok',100,100,8,'2015-05-19 08:48:21.156527','2015-05-19 08:48:21.156527');
INSERT INTO "gen_expenses" VALUES(16,'2015-05-19','ok','Self','ok','ok',100,100,8,'2015-05-19 08:48:32.099838','2015-05-19 08:48:32.099838');
INSERT INTO "gen_expenses" VALUES(17,'2015-05-19','ok','Self','ok','ok',100,100,8,'2015-05-19 08:48:46.194460','2015-05-19 08:48:46.194460');
INSERT INTO "gen_expenses" VALUES(18,'2015-05-19','ok','Self','ok','ok',100,100,8,'2015-05-19 08:48:47.912537','2015-05-19 08:48:47.912537');
INSERT INTO "gen_expenses" VALUES(19,'2015-05-19','ok','Self','ok','ok',100,100,8,'2015-05-19 08:48:59.300371','2015-05-19 08:48:59.300371');
INSERT INTO "gen_expenses" VALUES(20,'2015-05-19','ok','Self','ok','ok',100,100,8,'2015-05-19 08:49:52.634883','2015-05-19 08:49:52.634883');
INSERT INTO "gen_expenses" VALUES(21,'2015-05-19','ok','Self','ok','ok',100,100,8,'2015-05-19 08:50:41.419554','2015-05-19 08:50:41.419554');
INSERT INTO "gen_expenses" VALUES(22,'2015-05-19','ok','Self','ok','ok',100,100,8,'2015-05-19 08:54:04.280726','2015-05-19 08:54:04.280726');
INSERT INTO "gen_expenses" VALUES(23,'2015-05-19','ok','Self','ok','ok',100,100,8,'2015-05-19 08:59:30.048758','2015-05-19 08:59:30.048758');
INSERT INTO "gen_expenses" VALUES(24,'2015-05-19','ok','Self','ok','ok',100,100,8,'2015-05-19 08:59:55.802203','2015-05-19 08:59:55.802203');
INSERT INTO "gen_expenses" VALUES(25,'2015-05-19','ok','Self','ok','ok',100,100,8,'2015-05-19 09:00:14.837547','2015-05-19 09:00:14.837547');
INSERT INTO "gen_expenses" VALUES(26,'2015-05-19','ok','Self','ok','ok',100,100,8,'2015-05-19 09:00:48.538630','2015-05-19 09:00:48.538630');
INSERT INTO "gen_expenses" VALUES(27,'2015-05-19','ok','Self','ok','ok',100,100,8,'2015-05-19 09:01:25.948065','2015-05-19 09:01:25.948065');
INSERT INTO "gen_expenses" VALUES(28,'2015-05-19','ok','Self','ok','ok',100,100,8,'2015-05-19 09:05:32.902059','2015-05-19 09:05:32.902059');
INSERT INTO "gen_expenses" VALUES(29,'2015-05-19','ok','Telephonic','ok','ok',100,100,8,'2015-05-19 09:06:09.590839','2015-05-19 09:06:09.590839');
INSERT INTO "gen_expenses" VALUES(30,'2015-06-11','ok','Self','ok','ok',1000,200,26,'2015-06-10 08:17:46.970544','2015-06-10 08:17:46.970544');
INSERT INTO "gen_expenses" VALUES(31,'2015-06-21','ok','Self','ok','ok',100,200,30,'2015-06-21 11:23:52.896132','2015-06-21 11:23:52.896132');
INSERT INTO "gen_expenses" VALUES(32,'2015-06-21','ok','Telephonic','ok','ok',800,3000,31,'2015-06-21 13:00:26.081854','2015-06-21 13:00:26.081854');
INSERT INTO "gen_expenses" VALUES(33,'2015-06-21','ok','Self','ok','ok',112,821,31,'2015-06-21 13:32:01.779056','2015-06-21 13:32:01.779056');
INSERT INTO "gen_expenses" VALUES(34,'2015-06-22','ok','Self','ok','ok',3000,800,32,'2015-06-22 05:18:27.755868','2015-06-22 05:18:27.755868');
INSERT INTO "gen_expenses" VALUES(35,'2015-06-22','ok','Telephonic','ok','ok',100,900,33,'2015-06-22 06:49:52.229682','2015-06-22 06:49:52.229682');
CREATE TABLE "quotation_rents" ("id" INTEGER PRIMARY KEY AUTOINCREMENT NOT NULL, "client_detail_id" integer, "quotation_detail_id" integer, "genType" varchar DEFAULT '5.00, 7.50, 10.00, 12.50, 15.00, 20.00, 25.00, 31.05, 35.00, 40.00, 50.00, 62.50, 75.00', "genRent" varchar DEFAULT '7250.00, 9500.00, 11000.00, 12500.00, 13000.00, 13500.00, 17000.00, 19500.00, 21500.00, 27000.00, 29500.00, 39500.00, 43500.00', "created_at" datetime NOT NULL, "updated_at" datetime NOT NULL);
INSERT INTO "quotation_rents" VALUES(1,2,2,'','','2015-04-20 07:48:58.008679','2015-04-20 07:48:58.008679');
INSERT INTO "quotation_rents" VALUES(2,3,3,'123','2000.0','2015-05-15 08:40:22.648310','2015-05-15 08:40:22.648310');
INSERT INTO "quotation_rents" VALUES(3,6,4,'123','2000.0','2015-05-18 12:38:55.540177','2015-05-18 12:38:55.540177');
INSERT INTO "quotation_rents" VALUES(4,7,5,'123','2000.0','2015-05-18 12:53:56.478428','2015-05-18 12:53:56.478428');
INSERT INTO "quotation_rents" VALUES(5,8,6,'123','2000.0','2015-05-19 07:32:10.480426','2015-05-19 07:32:10.480426');
INSERT INTO "quotation_rents" VALUES(6,9,7,'122,123','12000.0,12000.0','2015-05-19 15:05:21.573770','2015-05-19 15:05:21.573770');
INSERT INTO "quotation_rents" VALUES(7,10,8,'122,12KK','12000.0,100.0','2015-05-19 17:30:20.221327','2015-05-19 17:30:20.221327');
INSERT INTO "quotation_rents" VALUES(8,11,9,'122,12KK','12000.0,100.0','2015-05-20 06:24:13.175389','2015-05-20 06:24:13.175389');
INSERT INTO "quotation_rents" VALUES(9,12,10,'122,12KK','12000.0,100.0','2015-05-20 08:55:37.099536','2015-05-20 08:55:37.099536');
INSERT INTO "quotation_rents" VALUES(10,13,11,'122,12KK','12000.0,100.0','2015-05-20 10:41:48.446532','2015-05-20 10:41:48.446532');
INSERT INTO "quotation_rents" VALUES(11,14,12,'122,12KK','12000.0,100.0','2015-05-21 10:06:51.292008','2015-05-21 10:06:51.292008');
INSERT INTO "quotation_rents" VALUES(12,15,13,'122,12KK','12000.0,100.0','2015-05-21 10:11:52.698500','2015-05-21 10:11:52.698500');
INSERT INTO "quotation_rents" VALUES(13,16,14,'122,12KK','12000.0,100.0','2015-05-21 10:13:53.417701','2015-05-21 10:13:53.417701');
INSERT INTO "quotation_rents" VALUES(14,17,15,'122,12KK','12000.0,100.0','2015-05-21 11:56:31.219500','2015-05-21 11:56:31.219500');
INSERT INTO "quotation_rents" VALUES(15,19,16,'122,12KK','12000.0,100.0','2015-05-21 13:14:21.334171','2015-05-21 13:14:21.334171');
INSERT INTO "quotation_rents" VALUES(16,20,17,'122,12KK','12000.0,100.0','2015-05-22 09:51:39.497017','2015-05-22 09:51:39.497017');
INSERT INTO "quotation_rents" VALUES(17,25,18,'12KK,12KV','100.0,20000.0','2015-06-06 07:34:49.084019','2015-06-06 07:34:49.084019');
INSERT INTO "quotation_rents" VALUES(18,26,19,'["[\"    \"]  "]  ,',' [" [\" [\\\" [\\\\\\\" [\\\\\\\\\\\\\\\" [\\\\\\\\\\\\\\\\\\\\\\\\\\\\\\\" [\\\\\\\\\\\\\\\\\\\\\\\\\\\\\\\\\\\\\\\\\\\\\\\\\\\\\\\\\\\\\\\" [\\\\\\\\\\\\\\\\\\\\\\\\\\\\\\\\\\\\\\\\\\\\\\\\\\\\\\\\\\\\\\\\\\\\\\\\\\\\\\\\\\\\\\\\\\\\\\\\\\\\\\\\\\\\\\\\\\\\\\\\\\\\\\\" [\\\\\\\\\\\\\\\\\\\\\\\\\\\\\\\\\\\\\\\\\\\\\\\\\\\\\\\\\\\\\\\\\\\\\\\\\\\\\\\\\\\\\\\\\\\\\\\\\\\\\\\\\\\\\\\\\\\\\\\\\\\\\\\\\\\\\\\\\\\\\\\\\\\\\\\\\\\\\\\\\\\\\\\\\\\\\\\\\\\\\\\\\\\\\\\\\\\\\\\\\\\\\\\\\\\\\\\\\\\\\\\\\\\\\\\\\\\\\\\\\\\\\\\\\\\\\\\" [\\\\\\\\\\\\\\\\\\\\\\\\\\\\\\\\\\\\\\\\\\\\\\\\\\\\\\\\\\\\\\\\\\\\\\\\\\\\\\\\\\\\\\\\\\\\\\\\\\\\\\\\\\\\\\\\\\\\\\\\\\\\\\\\\\\\\\\\\\\\\\\\\\\\\\\\\\\\\\\\\\\\\\\\\\\\\\\\\\\\\\\\\\\\\\\\\\\\\\\\\\\\\\\\\\\\\\\\\\\\\\\\\\\\\\\\\\\\\\\\\\\\\\\\\\\\\\\\\\\\\\\\\\\\\\\\\\\\\\\\\\\\\\\\\\\\\\\\\\\\\\\\\\\\\\\\\\\\\\\\\\\\\\\\\\\\\\\\\\\\\\\\\\\\\\\\\\\\\\\\\\\\\\\\\\\\\\\\\\\\\\\\\\\\\\\\\\\\\\\\\\\\\\\\\\\\\\\\\\\\\\\\\\\\\\\\\\\\\\\\\\\\\\\\\\\\\\\\\\\\\\\\\\\\\\\\\\\\\\\\\\\\\\\\\\\\\\\\\\\\\\\\\\\\\\\"12\\\\\\\\\\\\\\\\\\\\\\\\\\\\\\\\\\\\\\\\\\\\\\\\\\\\\\\\\\\\\\\\\\\\\\\\\\\\\\\\\\\\\\\\\\\\\\\\\\\\\\\\\\\\\\\\\\\\\\\\\\\\\\\\\\\\\\\\\\\\\\\\\\\\\\\\\\\\\\\\\\\\\\\\\\\\\\\\\\\\\\\\\\\\\\\\\\\\\\\\\\\\\\\\\\\\\\\\\\\\\\\\\\\\\\\\\\\\\\\\\\\\\\\\\\\\\\\\\\\\\\\\\\\\\\\\\\\\\\\\\\\\\\\\\\\\\\\\\\\\\\\\\\\\\\\\\\\\\\\\\\\\\\\\\\\\\\\\\\\\\\\\\\\\\\\\\\\\\\\\\\\\\\\\\\\\\\\\\\\\\\\\\\\\\\\\\\\\\\\\\\\\\\\\\\\\\\\\\\\\\\\\\\\\\\\\\\\\\\\\\\\\\\\\\\\\\\\\\\\\\\\\\\\\\\\\\\\\\\\\\\\\\\\\\\\\\\\\\\\\\\\\\\\\\\\"] \\\\\\\\\\\\\\\\\\\\\\\\\\\\\\\\\\\\\\\\\\\\\\\\\\\\\\\\\\\\\\\\\\\\\\\\\\\\\\\\\\\\\\\\\\\\\\\\\\\\\\\\\\\\\\\\\\\\\\\\\\\\\\\\\\\\\\\\\\\\\\\\\\\\\\\\\\\\\\\\\\\\\\\\\\\\\\\\\\\\\\\\\\\\\\\\\\\\\\\\\\\\\\\\\\\\\\\\\\\\\\\\\\\\\\\\\\\\\\\\\\\\\\\\\\\\\\\"] \\\\\\\\\\\\\\\\\\\\\\\\\\\\\\\\\\\\\\\\\\\\\\\\\\\\\\\\\\\\\\\\\\\\\\\\\\\\\\\\\\\\\\\\\\\\\\\\\\\\\\\\\\\\\\\\\\\\\\\\\\\\\\\"] \\\\\\\\\\\\\\\\\\\\\\\\\\\\\\\\\\\\\\\\\\\\\\\\\\\\\\\\\\\\\\\"] \\\\\\\\\\\\\\\\\\\\\\\\\\\\\\\"] \\\\\\\\\\\\\\\"] \\\\\\\"] \\\"] \"] "] ,','2015-06-07 19:34:58.424639','2015-06-09 11:52:38.463327');
INSERT INTO "quotation_rents" VALUES(19,28,20,'12KK,12KV','100.0,20000.0','2015-06-17 16:37:52.189016','2015-06-17 16:37:52.189016');
INSERT INTO "quotation_rents" VALUES(20,29,21,'12KK,12KV','100.0,20000.0','2015-06-19 07:00:16.277088','2015-06-19 07:00:16.277088');
INSERT INTO "quotation_rents" VALUES(21,30,22,'12KK,12KV','100.0,20000.0','2015-06-19 08:51:34.162034','2015-06-19 08:51:34.162034');
INSERT INTO "quotation_rents" VALUES(22,31,23,'12KK,12KV','100.0,20000.0','2015-06-21 09:21:57.159139','2015-06-21 09:21:57.159139');
INSERT INTO "quotation_rents" VALUES(23,32,24,'12KK,12KV','100.0,20000.0','2015-06-21 12:48:02.554820','2015-06-21 12:48:02.554820');
INSERT INTO "quotation_rents" VALUES(24,33,25,'12KK,12KV','100.0,20000.0','2015-06-22 02:42:32.752362','2015-06-22 02:42:32.752362');
INSERT INTO "quotation_rents" VALUES(25,35,26,'["[\"[\\\"[\\\\\\\"[\\\\\\\\\\\\\\\"12KK\\\\\\\\\\\\\\\"\\\\\\\"\\\"\"", " \" \\\" \\\\\\\" \\\\\\\\\\\\\\\"12KV\\\\\\\\\\\\\\\"]  \\\\\\\"]  \\\"]  \"]  "]  ,',' [" [\" [\\\" [\\\\\\\" [\\\\\\\\\\\\\\\"100.0\\\\\\\\\\\\\\\"\\\\\\\"\\\"\"", " \" \\\" \\\\\\\" \\\\\\\\\\\\\\\"20000.0\\\\\\\\\\\\\\\"] \\\\\\\"] \\\"] \"] "] ,','2015-06-22 05:15:53.591937','2015-06-22 17:35:39.015384');
INSERT INTO "quotation_rents" VALUES(26,36,27,'12KK,12KV','100.0,20000.0','2015-06-22 17:52:27.032754','2015-06-22 17:52:27.032754');
INSERT INTO "quotation_rents" VALUES(27,35,26,'12KK,12KV','100.0,20000.0','2015-06-23 04:40:05.813007','2015-06-23 04:40:05.813007');
INSERT INTO "quotation_rents" VALUES(28,36,27,'12KK,12KV','100.0,20000.0','2015-06-23 04:40:35.647960','2015-06-23 04:40:35.647960');
INSERT INTO "quotation_rents" VALUES(29,36,27,'12KK,12KV','100.0,20000.0','2015-06-23 04:41:04.725253','2015-06-23 04:41:04.725253');
INSERT INTO "quotation_rents" VALUES(30,38,33,'12KK,12KV','100.0,20000.0','2015-06-24 04:32:07.669587','2015-06-24 04:32:07.669587');
INSERT INTO "quotation_rents" VALUES(31,39,34,'12KK,12KV','100.0,20000.0','2015-06-24 05:31:39.381037','2015-06-24 05:31:39.381037');
CREATE TABLE "fake_quotations" ("id" INTEGER PRIMARY KEY AUTOINCREMENT NOT NULL, "companyName" varchar DEFAULT 'Amrit Engineering', "serviceTax" varchar DEFAULT 'Service Tax No. : APRPK1196BSD001', "companyTagLine" varchar DEFAULT 'Providing Generator on Rent Basis & Allied Services ', "headerMobileNumber" varchar DEFAULT '87270 - 09500 <br /> 0161 - 2493500 <br /> 80540 - 70500', "companyAddressOne" varchar DEFAULT '# 1380, St. No. 31, Janta Nagar, Bhagwan Chowk', "companyAddressTwo" varchar DEFAULT 'Near Public Health Center, Ludhiana-141003', "referenceNumber" varchar, "subject" text DEFAULT 'Subject: Providing Automation Silent Generator on Monthly Rent Basis', "regard" varchar DEFAULT 'With Regards,', "regardContent" text DEFAULT 'On the captioned subject we are pleased to introduce ourselves as service provider in the field of Generator on monthly rent basis. It is for your kind consideration that we are providing the generator sets on monthly rent basis to the banks and other Govt. offices. We have proper infrastructure and staff to serve best to our customers. At present we proudly declare that we are serving many branches of :', "bankNameOne" varchar DEFAULT 'Allahabad Bank:', "bankNameTwo" varchar DEFAULT 'Gill, Pakhowal & Gujjarwal', "bankNameThree" varchar DEFAULT 'Dugri, Tagore Nagar, Focal Point, Ferozepur Road, Bahadur Ke Road', "bankNameFour" varchar DEFAULT 'Kalsi Nagar ', "bankNameFive" varchar DEFAULT 'Mandi Gobindgarh, Mullanpur Dakha, Khanna ', "bankZoneOne" text DEFAULT 'Mandi Ahmedgarh, Malerkotla, Patiala, Shiv Puri, Raj Guru Nagar, Pakhowal Road, Bagha Purana, Bathinda, Dugri Road, Focal Point, Haiobwal, IFB Cheema Chowk ', "bankZoneTwo" text DEFAULT 'Jalandher, Balachure, Rattewal, Batala, Nakodhar, Shanker, Patti, Dasuya, Shahkot, Raiya & Zonal Office Amritsar ', "quotationLine" text DEFAULT 'Through this letter, we are offering our services to bank. Our monthly rent is quoted as:', "quotationRateList" text DEFAULT '<li>Rs-7250.00 for 5.0 Kva</li><li>Rs-9500.00 for 7.5 Kva</li><li>Rs-11000.00 for 10.0 Kva</li><li>Rs-12500.00 for 12.5 Kva</li><li>Rs-13000.00 for 15 Kva</li><li>Rs-13500.00 for 20 Kva</li><li>Rs-17000.00 for 25.00 Kva</li><li>Rs-19500.00 for 31.05 Kva</li><li>Rs-21500.00 for 35.00 Kva</li><li>Rs-27000.00 for 40 Kva</li><li>Rs-29500.00 for 50 Kva</li><li>Rs-39500.00 for 62.5 Kva</li><li>Rs-43500.00 for 75.0 Ksva</li>', "contentPartOne" text DEFAULT 'We shall increase 10% after two years. The rent will include repairs & maintenances and the cost of diesel. Space will be provided by you. Our generator sets will be soundproof & automatic. We shall install only the branded generator sets. If you want higher capacity generator then we may fulfill your demand. Above rates are for all seasons.', "contentPartTwo" text DEFAULT 'We hope you will consider our application and give an opportunity to serve your bank. We ensure you of our best service.', "thankYou" varchar DEFAULT 'Thanking You', "yoursTruly" varchar DEFAULT 'Yours Truly', "nameOfCompany" varchar DEFAULT 'For Amrit Engineers', "emailIdOne" varchar DEFAULT 'ishnoorsingh@in.com', "emailIdTwo" varchar DEFAULT 'jasvirsinghsond@gmail.com', "emailIdThree" varchar DEFAULT 'amritengineers80@gmail.com', "emailIdFour" varchar DEFAULT 'amritengineers@yahoo.in', "contactNumberOne" varchar DEFAULT '+91 98140-09500', "contactNumberTwo" varchar DEFAULT '+91 87270-09500', "contactNumberThree" varchar DEFAULT '0161-2439500', "date" varchar DEFAULT 'Dated : 09/06/2015' NOT NULL, "client_details_id" integer, "sender_details_id" integer, "created_at" datetime NOT NULL, "updated_at" datetime NOT NULL, "mailStatus" boolean, "dateOfMail" varchar);
INSERT INTO "fake_quotations" VALUES(9,'Amrit Engineering','Service Tax No. : APRPK1196BSD001','Providing Generator on Rent Basis & Allied Services ','87270 - 09500 <br /> 0161 - 2493500 <br /> 80540 - 70500','# 1380, St. No. 31, Janta Nagar, Bhagwan Chowk','Near Public Health Center, Ludhiana-141003','AEQF15009','Subject: Providing Automation Silent Generator on Monthly Rent Basis','With Regards,','On the captioned subject we are pleased to introduce ourselves as service provider in the field of Generator on monthly rent basis. It is for your kind consideration that we are providing the generator sets on monthly rent basis to the banks and other Govt. offices. We have proper infrastructure and staff to serve best to our customers. At present we proudly declare that we are serving many branches of :','Allahabad Bank:','Gill, Pakhowal & Gujjarwal','Dugri, Tagore Nagar, Focal Point, Ferozepur Road, Bahadur Ke Road','Kalsi Nagar ','Mandi Gobindgarh, Mullanpur Dakha, Khanna ','Mandi Ahmedgarh, Malerkotla, Patiala, Shiv Puri, Raj Guru Nagar, Pakhowal Road, Bagha Purana, Bathinda, Dugri Road, Focal Point, Haiobwal, IFB Cheema Chowk ','Jalandher, Balachure, Rattewal, Batala, Nakodhar, Shanker, Patti, Dasuya, Shahkot, Raiya & Zonal Office Amritsar ','Through this letter, we are offering our services to bank. Our monthly rent is quoted as:','<li>Rs-7250.00 for 5.0 Kva</li><li>Rs-9500.00 for 7.5 Kva</li><li>Rs-11000.00 for 10.0 Kva</li><li>Rs-12500.00 for 12.5 Kva</li><li>Rs-13000.00 for 15 Kva</li><li>Rs-13500.00 for 20 Kva</li><li>Rs-17000.00 for 25.00 Kva</li><li>Rs-19500.00 for 31.05 Kva</li><li>Rs-21500.00 for 35.00 Kva</li><li>Rs-27000.00 for 40 Kva</li><li>Rs-29500.00 for 50 Kva</li><li>Rs-39500.00 for 62.5 Kva</li><li>Rs-43500.00 for 75.0 Ksva</li>','We shall increase 10% after two years. The rent will include repairs & maintenances and the cost of diesel. Space will be provided by you. Our generator sets will be soundproof & automatic. We shall install only the branded generator sets. If you want higher capacity generator then we may fulfill your demand. Above rates are for all seasons.','We hope you will consider our application and give an opportunity to serve your bank. We ensure you of our best service.','Thanking You','Yours Truly','For Amrit Engineers','ishnoorsingh@in.com','jasvirsinghsond@gmail.com','amritengineers80@gmail.com','amritengineers@yahoo.in','+91 98140-09500','+91 87270-09500','0161-2439500','2015-06-21',34,4,'2015-06-22 03:00:38.337773','2015-06-22 03:01:16.066508',NULL,NULL);
INSERT INTO "fake_quotations" VALUES(10,'Amrit Engineering','Service Tax No. : APRPK1196BSD001','Providing Generator on Rent Basis & Allied Services ','87270 - 09500 <br /> 0161 - 2493500 <br /> 80540 - 70500','# 1380, St. No. 31, Janta Nagar, Bhagwan Chowk','Near Public Health Center, Ludhiana-141003','AEQF15010','Subject: Providing Automation Silent Generator on Monthly Rent Basis','With Regards,','On the captioned subject we are pleased to introduce ourselves as service provider in the field of Generator on monthly rent basis. It is for your kind consideration that we are providing the generator sets on monthly rent basis to the banks and other Govt. offices. We have proper infrastructure and staff to serve best to our customers. At present we proudly declare that we are serving many branches of :','Allahabad Bank:','Gill, Pakhowal & Gujjarwal','Dugri, Tagore Nagar, Focal Point, Ferozepur Road, Bahadur Ke Road','Kalsi Nagar ','Mandi Gobindgarh, Mullanpur Dakha, Khanna ','Mandi Ahmedgarh, Malerkotla, Patiala, Shiv Puri, Raj Guru Nagar, Pakhowal Road, Bagha Purana, Bathinda, Dugri Road, Focal Point, Haiobwal, IFB Cheema Chowk ','Jalandher, Balachure, Rattewal, Batala, Nakodhar, Shanker, Patti, Dasuya, Shahkot, Raiya & Zonal Office Amritsar ','Through this letter, we are offering our services to bank. Our monthly rent is quoted as:','<li>Rs-7250.00 for 5.0 Kva</li><li>Rs-9500.00 for 7.5 Kva</li><li>Rs-11000.00 for 10.0 Kva</li><li>Rs-12500.00 for 12.5 Kva</li><li>Rs-13000.00 for 15 Kva</li><li>Rs-13500.00 for 20 Kva</li><li>Rs-17000.00 for 25.00 Kva</li><li>Rs-19500.00 for 31.05 Kva</li><li>Rs-21500.00 for 35.00 Kva</li><li>Rs-27000.00 for 40 Kva</li><li>Rs-29500.00 for 50 Kva</li><li>Rs-39500.00 for 62.5 Kva</li><li>Rs-43500.00 for 75.0 Ksva</li>','We shall increase 10% after two years. The rent will include repairs & maintenances and the cost of diesel. Space will be provided by you. Our generator sets will be soundproof & automatic. We shall install only the branded generator sets. If you want higher capacity generator then we may fulfill your demand. Above rates are for all seasons.','We hope you will consider our application and give an opportunity to serve your bank. We ensure you of our best service.','Thanking You','Yours Truly','For Amrit Engineers','ishnoorsingh@in.com','jasvirsinghsond@gmail.com','amritengineers80@gmail.com','amritengineers@yahoo.in','+91 98140-09500','+91 87270-09500','0161-2439500','Dated : 09/06/2015',37,3,'2015-06-23 14:09:09.387182','2015-06-24 07:00:55.237678','t','2015-06-24');
CREATE TABLE "custom_auto_increments" ("id" INTEGER PRIMARY KEY AUTOINCREMENT NOT NULL, "counter_model_name" varchar, "counter" integer DEFAULT 0, "created_at" datetime, "updated_at" datetime);
INSERT INTO "custom_auto_increments" VALUES(1,'quotation_detail',33,'2015-04-20 07:48:58.001573','2015-06-24 05:31:39.375637');
INSERT INTO "custom_auto_increments" VALUES(2,'gen_avail',101,'2015-04-20 07:49:45.925175','2015-07-17 12:43:45.024880');
INSERT INTO "custom_auto_increments" VALUES(3,'fake_quotation',10,'2015-05-15 08:48:37.479321','2015-06-23 14:09:09.389460');
INSERT INTO "custom_auto_increments" VALUES(4,'third_party_gen',30,'2015-05-18 07:09:04.661504','2015-07-18 09:24:30.888336');
CREATE TABLE "taxes" ("id" INTEGER PRIMARY KEY AUTOINCREMENT NOT NULL, "taxName" varchar(15), "taxPercentage" decimal(10,2), "created_at" datetime NOT NULL, "updated_at" datetime NOT NULL);
INSERT INTO "taxes" VALUES(3,'Service Tax',14,'2015-05-18 12:40:05.241927','2015-07-08 06:50:25.254642');
INSERT INTO "taxes" VALUES(4,'Education Tax',3,'2015-05-18 12:40:16.511352','2015-05-18 12:40:16.511352');
CREATE TABLE "third_party_gens" ("id" INTEGER PRIMARY KEY AUTOINCREMENT NOT NULL, "genID" varchar, "genRent" decimal(10,2), "gen_detail_id" integer, "third_party_provider_id" integer, "created_at" datetime NOT NULL, "updated_at" datetime NOT NULL, "GenDetail_id" integer, "genConsumption" decimal(10,2), "service_due_hours" integer);
INSERT INTO "third_party_gens" VALUES(17,'TP017',20000,11,1,'2015-05-21 08:16:57.282238','2015-05-21 08:16:57.282238',NULL,NULL,NULL);
INSERT INTO "third_party_gens" VALUES(18,'TP018',1000,11,1,'2015-05-21 10:08:34.908492','2015-05-21 10:08:34.908492',NULL,NULL,NULL);
INSERT INTO "third_party_gens" VALUES(19,'TP019',9000,11,1,'2015-05-21 10:12:27.266532','2015-05-21 10:12:27.266532',NULL,NULL,NULL);
INSERT INTO "third_party_gens" VALUES(20,'TP020',1990,11,1,'2015-05-21 11:57:28.139310','2015-05-21 11:57:28.139310',NULL,NULL,NULL);
INSERT INTO "third_party_gens" VALUES(21,'TP021',1000,11,1,'2015-06-17 17:06:18.812942','2015-06-17 17:06:18.812942',NULL,NULL,NULL);
INSERT INTO "third_party_gens" VALUES(22,'TP022',10000,11,1,'2015-06-21 08:37:03.727341','2015-06-21 08:37:03.727341',NULL,NULL,NULL);
INSERT INTO "third_party_gens" VALUES(23,'TP023',2000,11,1,'2015-06-21 09:22:43.503938','2015-06-21 09:22:43.503938',NULL,NULL,NULL);
INSERT INTO "third_party_gens" VALUES(24,'TP024',9000,11,1,'2015-06-21 12:59:03.348678','2015-06-21 12:59:03.348678',NULL,NULL,NULL);
INSERT INTO "third_party_gens" VALUES(25,'TP025',1000,11,1,'2015-06-22 06:21:25.731009','2015-06-22 06:21:25.731009',NULL,NULL,NULL);
INSERT INTO "third_party_gens" VALUES(26,'TP026',50000,11,1,'2015-06-23 05:13:14.916493','2015-06-23 05:13:14.916493',NULL,NULL,NULL);
INSERT INTO "third_party_gens" VALUES(27,'TP027',30000,11,1,'2015-06-25 19:16:30.518906','2015-06-25 19:16:30.518906',NULL,NULL,NULL);
INSERT INTO "third_party_gens" VALUES(28,'TP028',10,11,1,'2015-07-18 05:47:20.382456','2015-07-18 05:47:20.382456',NULL,NULL,NULL);
INSERT INTO "third_party_gens" VALUES(29,'TP029',100,11,1,'2015-07-18 08:46:58.301134','2015-07-18 08:46:58.301134',NULL,NULL,NULL);
INSERT INTO "third_party_gens" VALUES(30,'TP030',100,11,1,'2015-07-18 09:24:30.887533','2015-07-18 09:24:30.887533',NULL,100,100);
CREATE TABLE "banks" ("id" INTEGER PRIMARY KEY AUTOINCREMENT NOT NULL, "name" varchar, "created_at" datetime NOT NULL, "updated_at" datetime NOT NULL);
INSERT INTO "banks" VALUES(1,NULL,'2015-06-05 09:19:16.633385','2015-06-05 09:19:16.633385');
INSERT INTO "banks" VALUES(2,'Allahabad bank','2015-06-05 09:24:41.145720','2015-07-19 08:32:50.744458');
INSERT INTO "banks" VALUES(3,'Axis bankssss','2015-06-05 10:27:34.377336','2015-07-19 08:33:04.139055');
INSERT INTO "banks" VALUES(4,'SOme new bank','2015-06-08 10:57:37.438910','2015-06-08 10:57:37.438910');
INSERT INTO "banks" VALUES(5,'Central Bank Of India','2015-07-08 06:35:32.316259','2015-07-08 06:35:32.316259');
INSERT INTO "banks" VALUES(6,'obc bank','2015-07-19 08:33:51.993797','2015-07-19 08:33:51.993797');
INSERT INTO "banks" VALUES(7,'abc bank','2015-07-19 08:34:14.217753','2015-07-19 08:34:14.217753');
INSERT INTO "banks" VALUES(8,'','2015-07-19 09:31:52.352530','2015-07-19 09:31:52.352530');
CREATE TABLE "client_details" ("id" INTEGER PRIMARY KEY AUTOINCREMENT NOT NULL, "designation" varchar, "bank_branch" varchar, "address" text, "district" varchar, "contactNo" integer(12), "emailID" varchar, "approved" boolean DEFAULT 'f', "sender_details_id" integer, "created_at" datetime NOT NULL, "updated_at" datetime NOT NULL, "mailStatus" boolean DEFAULT 'f', "contract" boolean DEFAULT 't', "bank_id" integer, "account_id" integer);
INSERT INTO "client_details" VALUES(28,'Hii','Ludhiana','LDH','123',9812312314,'vigas@csiom.com','t',2,'2015-06-17 16:37:52.166727','2015-06-23 04:37:39.475710','f','f',2,2);
INSERT INTO "client_details" VALUES(29,'Phullanwal','Yo branch','127 Central Town','Ludhiana',9876543211,'vigas@csiom.com','t',2,'2015-06-19 07:00:16.247728','2015-06-23 04:37:49.734989','f','f',3,2);
INSERT INTO "client_details" VALUES(30,'Manager','Fake','jkh','lDh',9812312314,'vigas@csiom.com','t',2,'2015-06-19 08:51:34.154700','2015-06-21 08:37:03.730948','f','t',3,2);
INSERT INTO "client_details" VALUES(31,'NEw D','dfas','sdfa','LUDH',9878978979,'v@csiom.com','t',2,'2015-06-21 09:21:57.151823','2015-06-21 09:22:43.507852','f','t',3,2);
INSERT INTO "client_details" VALUES(32,'eww','dfas','sdfa','LUDH',9878978979,'v@csiom.com','t',2,'2015-06-21 12:48:02.530567','2015-06-21 12:59:03.357209','f','t',2,2);
INSERT INTO "client_details" VALUES(33,'Testing ','dfas','sdfa','LUDH',9878978979,'v@csiom.com','t',2,'2015-06-22 02:42:32.727629','2015-06-22 06:21:25.739944','f','t',2,2);
INSERT INTO "client_details" VALUES(34,'eww','dfas','sdfa','LUDH',9878978979,'v@csiom.com','f',4,'2015-06-22 03:00:38.321955','2015-06-22 03:00:38.321955','f','t',3,2);
INSERT INTO "client_details" VALUES(35,'Some D','Ludhiana','991','lDh',987654321,'vigas@csiom.com','t',2,'2015-06-22 05:15:53.561496','2015-06-22 12:24:16.633667','f','t',3,2);
INSERT INTO "client_details" VALUES(36,'New Design','sda','sdfa','LUDH',9878978979,'vigasdeep@gmail.com','t',2,'2015-06-22 17:52:27.023567','2015-06-23 05:13:14.923167','f','t',2,1);
INSERT INTO "client_details" VALUES(37,'jh','sda','sdfa','LUDH',9878978979,'vigasdeep@gmail.com','f',3,'2015-06-23 14:09:09.383699','2015-06-23 14:09:09.383699','f','t',2,1);
INSERT INTO "client_details" VALUES(38,'HEsat','Ludhiana','IDK','IDK',34234324,'vigasdeep@gmail.com','t',2,'2015-06-24 04:32:07.662608','2015-06-25 19:16:30.524267','f','t',2,2);
INSERT INTO "client_details" VALUES(39,'jh','Ludhiana','jkha','dfa',8989,'vigasdeep@gmail.com','t',2,'2015-06-24 05:31:39.371381','2015-07-18 05:47:20.392770','f','t',2,1);
CREATE TABLE "transactions" ("id" INTEGER PRIMARY KEY AUTOINCREMENT NOT NULL, "bill_id" integer, "amount" integer, "date" date, "created_at" datetime NOT NULL, "updated_at" datetime NOT NULL, "transaction_remarks" varchar, "payment_type" varchar);
INSERT INTO "transactions" VALUES(2,3,9000,'2015-03-06','2015-06-21 11:05:12.016035','2015-06-21 11:05:12.016035',NULL,NULL);
INSERT INTO "transactions" VALUES(3,3,9000,'2015-03-06','2015-06-21 11:21:06.535022','2015-06-21 11:21:06.535022',NULL,NULL);
INSERT INTO "transactions" VALUES(4,3,9000,'2015-03-06','2015-06-21 11:21:22.570829','2015-06-21 11:21:22.570829',NULL,NULL);
INSERT INTO "transactions" VALUES(5,3,800,NULL,'2015-06-21 11:26:19.653857','2015-06-21 11:26:19.653857',NULL,NULL);
INSERT INTO "transactions" VALUES(6,3,800,NULL,'2015-06-21 11:27:09.126385','2015-06-21 11:27:09.126385',NULL,NULL);
INSERT INTO "transactions" VALUES(7,3,800,NULL,'2015-06-21 11:27:24.775631','2015-06-21 11:27:24.775631',NULL,NULL);
INSERT INTO "transactions" VALUES(8,3,800,NULL,'2015-06-21 11:28:28.685058','2015-06-21 11:28:28.685058',NULL,NULL);
INSERT INTO "transactions" VALUES(9,3,800,NULL,'2015-06-21 11:29:13.026891','2015-06-21 11:29:13.026891',NULL,NULL);
INSERT INTO "transactions" VALUES(10,3,800,NULL,'2015-06-21 11:30:01.177874','2015-06-21 11:30:01.177874',NULL,NULL);
INSERT INTO "transactions" VALUES(11,3,800,NULL,'2015-06-21 11:30:10.897653','2015-06-21 11:30:10.897653',NULL,NULL);
INSERT INTO "transactions" VALUES(12,3,800,NULL,'2015-06-21 11:31:43.234905','2015-06-21 11:31:43.234905',NULL,NULL);
INSERT INTO "transactions" VALUES(13,3,800,NULL,'2015-06-21 11:33:44.137857','2015-06-21 11:33:44.137857',NULL,NULL);
INSERT INTO "transactions" VALUES(14,3,800,NULL,'2015-06-21 11:36:29.550648','2015-06-21 11:36:29.550648',NULL,NULL);
INSERT INTO "transactions" VALUES(15,18,5000,NULL,'2015-06-21 16:27:37.140162','2015-06-21 16:27:37.140162',NULL,NULL);
INSERT INTO "transactions" VALUES(16,18,5000,NULL,'2015-06-21 16:27:55.329347','2015-06-21 16:27:55.329347',NULL,NULL);
INSERT INTO "transactions" VALUES(17,18,5000,NULL,'2015-06-21 16:28:42.914770','2015-06-21 16:28:42.914770',NULL,NULL);
INSERT INTO "transactions" VALUES(18,18,7059,NULL,'2015-06-21 16:31:50.701002','2015-06-21 16:31:50.701002',NULL,NULL);
INSERT INTO "transactions" VALUES(19,18,200,NULL,'2015-06-21 16:32:03.135955','2015-06-21 16:32:03.135955',NULL,NULL);
INSERT INTO "transactions" VALUES(20,22,10000,NULL,'2015-06-22 05:19:56.009627','2015-06-22 05:19:56.009627',NULL,NULL);
INSERT INTO "transactions" VALUES(21,59,15221,NULL,'2015-06-23 05:27:20.004869','2015-06-23 05:27:20.004869',NULL,NULL);
INSERT INTO "transactions" VALUES(22,61,15000,'2015-07-07','2015-07-08 06:42:28.976786','2015-07-08 06:42:28.976786',NULL,NULL);
INSERT INTO "transactions" VALUES(23,57,200,'2015-02-07','2015-07-18 10:48:00.239113','2015-07-18 10:48:00.239113','it is 200',NULL);
INSERT INTO "transactions" VALUES(24,57,57,NULL,'2015-07-18 12:51:51.260548','2015-07-18 12:51:51.260548','this is 57',NULL);
INSERT INTO "transactions" VALUES(25,57,54,NULL,'2015-07-18 12:54:56.623532','2015-07-18 12:54:56.623532','54444444',NULL);
INSERT INTO "transactions" VALUES(26,57,1,NULL,'2015-07-18 13:02:00.307506','2015-07-18 13:02:00.307506','1','Cheque');
INSERT INTO "transactions" VALUES(27,57,2500,NULL,'2015-07-18 13:04:11.989482','2015-07-18 13:04:11.989482','this is success msg of 2500 trasaction.','Debit Note');
CREATE TABLE 'bill_tables' ("id" INTEGER PRIMARY KEY AUTOINCREMENT NOT NULL, "bill_id" integer, "monthly_rent" float, "mail_sent" varchar, "third_party_payment" float, "owner_payment" float, "quotation_id" integer, "created_at" datetime NOT NULL, "updated_at" datetime NOT NULL, "bank_name" varchar, "bank_branch" varchar, "gen_desc" varchar, "rate" varchar, "quantity" varchar, "service_tax" varchar, "surcharge" varchar, "date" date, "bill_no" varchar, "tds" decimal, "total" decimal, "pending_payment" decimal DEFAULT 0, "total_exp" decimal);
INSERT INTO "bill_tables" VALUES(57,NULL,NULL,NULL,NULL,NULL,25,'2015-06-22 11:55:10.616001','2015-07-18 13:04:11.992539','Allahabad bank1','dfas','TP025','1000.0',NULL,'12.0','3.0','2015-06-22','201506-AE-000025',9,4325.9,1513,3550);
INSERT INTO "bill_tables" VALUES(58,NULL,NULL,NULL,NULL,NULL,26,'2015-06-22 12:24:37.954296','2015-06-22 12:24:37.954296','Axis bank','Ludhiana','G15075','20000.0',NULL,'12.0','3.0','2015-06-22','201506-AE-000026',9,9471.9,9471.9,2430);
INSERT INTO "bill_tables" VALUES(59,NULL,NULL,NULL,NULL,NULL,32,'2015-06-23 05:17:02.467307','2015-06-23 05:27:20.012532','Allahabad bank1','sda','TP026','50000.0',NULL,'12.0','3.0','2015-06-23','201506-AE-000027',1,15221,0,213.3);
INSERT INTO "bill_tables" VALUES(60,NULL,NULL,NULL,NULL,NULL,33,'2015-06-25 19:16:37.994674','2015-06-25 19:16:37.994674','Allahabad bank1','Ludhiana','TP027','30000.0',NULL,'12.0','3.0','2015-06-26','201506-AE-000028',3,7303.4,7303.4,1500);
INSERT INTO "bill_tables" VALUES(61,NULL,NULL,NULL,NULL,NULL,33,'2015-07-08 06:39:25.016859','2015-07-08 06:42:28.980027','Allahabad bank1','Ludhiana','TP027','30000.0',NULL,'12.0','3.0','2015-07-08','201507-AE-000028',3,43820.4,28820,9000);
CREATE TABLE "Accounts" ("id" INTEGER PRIMARY KEY AUTOINCREMENT NOT NULL, "name" varchar, "number" text, "ifsc" varchar, "micr" varchar, "created_at" datetime NOT NULL, "updated_at" datetime NOT NULL);
INSERT INTO "Accounts" VALUES(1,'AXIS Bank','91001','UTIB0000196','MCIJA000034','2015-06-21 19:55:40.967392','2015-07-19 10:34:23.576412');
INSERT INTO "Accounts" VALUES(2,'Vigas Bank','9100100002387611','UTIB000019611','MCIJA00003411','2015-06-22 02:39:34.684589','2015-07-19 10:42:51.008721');
CREATE TABLE "gen_details" ("id" INTEGER PRIMARY KEY AUTOINCREMENT NOT NULL, "genType" varchar, "genRent" decimal(10,2), "totalGen" integer(3), "created_at" datetime NOT NULL, "updated_at" datetime NOT NULL, "genConsumption" decimal(10,2), "service_due_after" integer);
INSERT INTO "gen_details" VALUES(11,'12KK',100,2,'2015-05-19 16:07:13.833323','2015-05-27 09:11:27.386546',NULL,NULL);
INSERT INTO "gen_details" VALUES(12,'12KV',20000,10,'2015-05-28 05:17:00.243747','2015-05-28 05:17:00.243747',NULL,NULL);
INSERT INTO "gen_details" VALUES(13,'home_gen',100,6,'2015-07-16 09:12:30.018341','2015-07-16 09:21:05.370180',NULL,NULL);
INSERT INTO "gen_details" VALUES(14,'miame',20,4,'2015-07-16 09:58:48.488908','2015-07-16 10:40:06.021167',20,NULL);
INSERT INTO "gen_details" VALUES(15,'sultan',30,1,'2015-07-17 09:02:02.405636','2015-07-17 09:02:02.405636',10.27,NULL);
INSERT INTO "gen_details" VALUES(16,'khush',30,2,'2015-07-17 09:24:13.839194','2015-07-17 10:12:01.263203',30,30);
INSERT INTO "gen_details" VALUES(17,'vigas',10,1,'2015-07-17 12:22:26.917065','2015-07-17 12:22:26.917065',10.1,10);
INSERT INTO "gen_details" VALUES(18,'raghav_gen',10,2,'2015-07-17 12:30:51.958408','2015-07-17 12:30:51.958408',200,20);
INSERT INTO "gen_details" VALUES(19,'genconsum_test',10,2,'2015-07-17 12:43:45.014526','2015-07-17 12:43:45.014526',11,10);
CREATE TABLE "gen_avails" ("id" INTEGER PRIMARY KEY AUTOINCREMENT NOT NULL, "genID" varchar, "available" boolean DEFAULT 'f', "gen_detail_id" integer, "created_at" datetime NOT NULL, "updated_at" datetime NOT NULL, "genConsumption" decimal(10,2), "service_due_after" integer);
INSERT INTO "gen_avails" VALUES(71,'G15071','f',11,'2015-05-19 16:07:13.835898','2015-05-28 08:53:21.570390',NULL,NULL);
INSERT INTO "gen_avails" VALUES(72,'G15072','f',11,'2015-05-27 09:11:27.381578','2015-06-09 07:30:20.505851',NULL,NULL);
INSERT INTO "gen_avails" VALUES(73,'G15073','f',12,'2015-05-28 05:17:00.246637','2015-05-28 08:55:53.270810',NULL,NULL);
INSERT INTO "gen_avails" VALUES(74,'G15074','f',12,'2015-05-28 05:17:00.251411','2015-06-21 00:04:46.887494',NULL,NULL);
INSERT INTO "gen_avails" VALUES(75,'G15075','f',12,'2015-05-28 05:17:00.256650','2015-06-22 12:24:16.638607',NULL,NULL);
INSERT INTO "gen_avails" VALUES(76,'G15076','t',12,'2015-05-28 05:17:00.261615','2015-05-28 05:17:00.261615',NULL,NULL);
INSERT INTO "gen_avails" VALUES(77,'G15077','t',12,'2015-05-28 05:17:00.266702','2015-05-28 05:17:00.266702',NULL,NULL);
INSERT INTO "gen_avails" VALUES(78,'G15078','t',12,'2015-05-28 05:17:00.271787','2015-05-28 05:17:00.271787',NULL,NULL);
INSERT INTO "gen_avails" VALUES(79,'G15079','t',12,'2015-05-28 05:17:00.277011','2015-05-28 05:17:00.277011',NULL,NULL);
INSERT INTO "gen_avails" VALUES(80,'G15080','t',12,'2015-05-28 05:17:00.282457','2015-05-28 05:17:00.282457',NULL,NULL);
INSERT INTO "gen_avails" VALUES(81,'G15081','t',12,'2015-05-28 05:17:00.286502','2015-05-28 05:17:00.286502',NULL,NULL);
INSERT INTO "gen_avails" VALUES(82,'G15082','t',12,'2015-05-28 05:17:00.290539','2015-05-28 05:17:00.290539',NULL,NULL);
INSERT INTO "gen_avails" VALUES(83,'G15083','t',13,'2015-07-16 09:12:30.022521','2015-07-16 09:12:30.022521',NULL,NULL);
INSERT INTO "gen_avails" VALUES(84,'G15084','t',13,'2015-07-16 09:12:30.028883','2015-07-16 09:12:30.028883',NULL,NULL);
INSERT INTO "gen_avails" VALUES(85,'G15085','t',13,'2015-07-16 09:12:30.034027','2015-07-16 09:12:30.034027',NULL,NULL);
INSERT INTO "gen_avails" VALUES(86,'G15086','t',13,'2015-07-16 09:12:30.042817','2015-07-16 09:12:30.042817',NULL,NULL);
INSERT INTO "gen_avails" VALUES(87,'G15087','t',13,'2015-07-16 09:12:30.050838','2015-07-16 09:12:30.050838',NULL,NULL);
INSERT INTO "gen_avails" VALUES(88,'G15088','t',13,'2015-07-16 09:21:05.364531','2015-07-16 09:21:05.364531',NULL,NULL);
INSERT INTO "gen_avails" VALUES(90,'G15090','t',14,'2015-07-16 10:02:32.897684','2015-07-16 10:03:13.700425',NULL,NULL);
INSERT INTO "gen_avails" VALUES(91,'G15091','t',14,'2015-07-16 10:04:12.152497','2015-07-16 10:04:12.152497',NULL,NULL);
INSERT INTO "gen_avails" VALUES(92,'G15092','t',14,'2015-07-16 10:31:36.607483','2015-07-16 10:31:36.607483',67,NULL);
INSERT INTO "gen_avails" VALUES(93,'G15093','t',14,'2015-07-16 10:40:06.012674','2015-07-16 10:40:06.012674',94,NULL);
INSERT INTO "gen_avails" VALUES(94,'G15094','t',15,'2015-07-17 09:02:02.409954','2015-07-17 09:02:02.409954',NULL,NULL);
INSERT INTO "gen_avails" VALUES(95,'G15095','t',16,'2015-07-17 09:24:13.844460','2015-07-17 09:24:13.844460',NULL,NULL);
INSERT INTO "gen_avails" VALUES(96,'G15096','t',16,'2015-07-17 10:12:01.257840','2015-07-18 10:13:55.349808',1290,200);
INSERT INTO "gen_avails" VALUES(97,'G15097','t',17,'2015-07-17 12:22:26.923677','2015-07-17 12:22:26.923677',NULL,NULL);
INSERT INTO "gen_avails" VALUES(98,'G15098','t',18,'2015-07-17 12:30:51.961300','2015-07-17 12:30:51.961300',NULL,NULL);
INSERT INTO "gen_avails" VALUES(99,'G15099','t',18,'2015-07-17 12:30:51.965082','2015-07-17 12:30:51.965082',NULL,NULL);
INSERT INTO "gen_avails" VALUES(100,'G15100','t',19,'2015-07-17 12:43:45.020621','2015-07-17 12:43:45.020621',11,NULL);
INSERT INTO "gen_avails" VALUES(101,'G15101','t',19,'2015-07-17 12:43:45.024319','2015-07-17 12:43:45.024319',11,NULL);
CREATE TABLE "email_addresses" ("id" INTEGER PRIMARY KEY AUTOINCREMENT NOT NULL, "name" varchar, "address" varchar, "created_at" datetime NOT NULL, "updated_at" datetime NOT NULL);
INSERT INTO "email_addresses" VALUES(1,'navdeepBagga','bagga@csiom.comBagga',1,'2015-07-19 09:48:03.563710');
INSERT INTO "email_addresses" VALUES(2,'meow',NULL,'2015-07-19 09:10:36.785894','2015-07-19 09:10:36.785894');
INSERT INTO "email_addresses" VALUES(3,'meow',NULL,'2015-07-19 09:11:53.303940','2015-07-19 09:11:53.303940');
INSERT INTO "email_addresses" VALUES(4,'meow',NULL,'2015-07-19 09:12:50.970954','2015-07-19 09:12:50.970954');
INSERT INTO "email_addresses" VALUES(5,'ratz',NULL,'2015-07-19 09:15:09.967475','2015-07-19 09:15:09.967475');
INSERT INTO "email_addresses" VALUES(6,'meowratz',NULL,'2015-07-19 09:27:38.781915','2015-07-19 09:27:38.781915');
INSERT INTO "email_addresses" VALUES(7,'bindia',NULL,'2015-07-19 09:39:03.900231','2015-07-19 09:39:03.900231');
INSERT INTO "email_addresses" VALUES(8,'gopul','gopul@gi.com','2015-07-19 09:40:06.920128','2015-07-19 09:40:06.920128');
DELETE FROM sqlite_sequence;
INSERT INTO "sqlite_sequence" VALUES('users',5);
INSERT INTO "sqlite_sequence" VALUES('quotation_details',34);
INSERT INTO "sqlite_sequence" VALUES('sender_details',4);
INSERT INTO "sqlite_sequence" VALUES('gaurd_details',34);
INSERT INTO "sqlite_sequence" VALUES('third_party_providers',1);
INSERT INTO "sqlite_sequence" VALUES('client_gen_sets',31);
INSERT INTO "sqlite_sequence" VALUES('gen_expenses',35);
INSERT INTO "sqlite_sequence" VALUES('quotation_rents',31);
INSERT INTO "sqlite_sequence" VALUES('fake_quotations',10);
INSERT INTO "sqlite_sequence" VALUES('custom_auto_increments',4);
INSERT INTO "sqlite_sequence" VALUES('taxes',4);
INSERT INTO "sqlite_sequence" VALUES('third_party_gens',30);
INSERT INTO "sqlite_sequence" VALUES('banks',8);
INSERT INTO "sqlite_sequence" VALUES('client_details',39);
INSERT INTO "sqlite_sequence" VALUES('transactions',27);
INSERT INTO "sqlite_sequence" VALUES('bill_tables',61);
INSERT INTO "sqlite_sequence" VALUES('Accounts',2);
INSERT INTO "sqlite_sequence" VALUES('gen_details',19);
INSERT INTO "sqlite_sequence" VALUES('gen_avails',101);
INSERT INTO "sqlite_sequence" VALUES('email_addresses',8);
CREATE INDEX "index_quotation_details_on_client_details_id" ON "quotation_details" ("client_details_id");
CREATE INDEX "index_quotation_details_on_sender_details_id" ON "quotation_details" ("sender_details_id");
CREATE INDEX "index_client_gen_sets_on_quotation_detail_id" ON "client_gen_sets" ("quotation_detail_id");
CREATE INDEX "index_client_gen_sets_on_client_detail_id" ON "client_gen_sets" ("client_detail_id");
CREATE INDEX "index_client_gen_sets_on_gen_avail_id" ON "client_gen_sets" ("gen_avail_id");
CREATE INDEX "index_client_gen_sets_on_gaurd_detail_id" ON "client_gen_sets" ("gaurd_detail_id");
CREATE INDEX "index_gen_expenses_on_client_detail_id" ON "gen_expenses" ("client_detail_id");
CREATE INDEX "index_quotation_rents_on_client_detail_id" ON "quotation_rents" ("client_detail_id");
CREATE INDEX "index_quotation_rents_on_quotation_detail_id" ON "quotation_rents" ("quotation_detail_id");
CREATE INDEX "index_fake_quotations_on_client_details_id" ON "fake_quotations" ("client_details_id");
CREATE INDEX "index_fake_quotations_on_sender_details_id" ON "fake_quotations" ("sender_details_id");
CREATE INDEX "index_custom_auto_increments_on_counter_model_name" ON "custom_auto_increments" ("counter_model_name");
CREATE INDEX "index_client_gen_sets_on_third_party_gens_id" ON "client_gen_sets" ("third_party_gens_id");
CREATE INDEX "index_third_party_gens_on_third_party_provider_id" ON "third_party_gens" ("third_party_provider_id");
CREATE INDEX "index_third_party_gens_on_GenDetail_id" ON "third_party_gens" ("GenDetail_id");
CREATE INDEX "index_client_details_on_sender_details_id" ON "client_details" ("sender_details_id");
CREATE UNIQUE INDEX "unique_schema_migrations" ON "schema_migrations" ("version");
CREATE UNIQUE INDEX "index_users_on_email" ON "users" ("email");
CREATE UNIQUE INDEX "index_users_on_reset_password_token" ON "users" ("reset_password_token");
CREATE UNIQUE INDEX "index_users_on_username" ON "users" ("username");
CREATE INDEX "index_bill_tables_on_quotation_id" ON "bill_tables" ("quotation_id");
CREATE INDEX "index_gen_avails_on_gen_detail_id" ON "gen_avails" ("gen_detail_id");
COMMIT;
